s,kW,kW,kW,kW,kW,kW,kW,kW,kW,kg/s,kg/s,kg/s
Time,HRR,Q_RADI,Q_CONV,Q_COND,Q_DIFF,Q_PRES,Q_PART,Q_ENTH,Q_TOTAL,MLR_AIR,MLR_N-HEPTANE,MLR_PRODUCTS
 0.0000000E+000, 0.0000000E+000,-2.6277277E+000, 0.0000000E+000, 0.0000000E+000, 0.0000000E+000, 0.0000000E+000, 0.0000000E+000, 0.0000000E+000,-2.6277277E+000, 0.0000000E+000, 0.0000000E+000, 0.0000000E+000
 1.0710652E+000, 4.0446792E+002,-8.2606408E+001,-1.9055562E+001,-3.3496298E-001,-3.4170878E-002, 0.0000000E+000, 0.0000000E+000, 2.3582787E+002, 3.0243681E+002, 2.6666347E+000, 1.4294729E-002, 0.0000000E+000
 2.0485220E+000, 1.4504715E+003,-7.9053093E+002,-4.9595434E+001,-2.3186397E+000,-9.4199307E-002, 0.0000000E+000, 0.0000000E+000, 6.2654786E+002, 6.0793225E+002, 8.9190677E+000, 3.6955505E-002, 0.0000000E+000
 3.0235665E+000, 2.3357865E+003,-8.1625285E+002,-7.8013064E+001,-5.6153392E+000,-1.5848586E-001, 0.0000000E+000, 0.0000000E+000, 1.4853690E+003, 1.4357468E+003, 1.5012149E+001, 5.7398898E-002, 0.0000000E+000
 4.0179214E+000, 3.2533739E+003,-9.0643723E+002,-1.0692764E+002,-8.2571935E+000,-2.1996788E-001, 0.0000000E+000, 0.0000000E+000, 2.3467135E+003, 2.2315319E+003, 2.0957500E+001, 7.7760254E-002, 0.0000000E+000
 5.0045633E+000, 4.0365982E+003,-1.0735925E+003,-6.9063854E+001,-2.6548196E+001,-2.6733970E-001, 0.0000000E+000, 0.0000000E+000, 2.9380175E+003, 2.8671262E+003, 2.6909287E+001, 9.7026889E-002, 0.0000000E+000
 6.0023594E+000, 4.8030486E+003,-1.2580479E+003, 1.2649239E+002,-1.3955126E+002,-3.1052606E-001, 0.0000000E+000, 0.0000000E+000, 3.4670237E+003, 3.5316313E+003, 3.2846062E+001, 1.1485878E-001, 0.0000000E+000
 7.0064917E+000, 5.5055504E+003,-1.4530624E+003, 1.7293922E+002,-2.3673452E+002,-3.4901197E-001, 0.0000000E+000, 0.0000000E+000, 3.9050463E+003, 3.9883437E+003, 3.8825767E+001, 1.3117110E-001, 0.0000000E+000
 8.0073462E+000, 6.3874441E+003,-1.6799119E+003, 1.9834115E+001,-2.6434587E+002,-3.8967920E-001, 0.0000000E+000, 0.0000000E+000, 4.4754923E+003, 4.4626307E+003, 4.4811304E+001, 1.4575405E-001, 0.0000000E+000
 9.0005751E+000, 6.7968900E+003,-1.7710006E+003,-2.4645750E+001,-2.9369778E+002,-4.2407573E-001, 0.0000000E+000, 0.0000000E+000, 4.7473487E+003, 4.7071218E+003, 5.0770234E+001, 1.5851805E-001, 0.0000000E+000
 1.0000278E+001, 7.2114995E+003,-1.8645232E+003, 1.1588890E+002,-3.7610927E+002,-4.4446236E-001, 0.0000000E+000, 0.0000000E+000, 5.0762270E+003, 5.0863115E+003, 5.6728023E+001, 1.6963183E-001, 0.0000000E+000
 1.1005996E+001, 7.3641064E+003,-1.9023696E+003, 1.9130725E+002,-4.4976625E+002,-4.5886567E-001, 0.0000000E+000, 0.0000000E+000, 5.1936325E+003, 5.2028189E+003, 5.9745364E+001, 1.7929251E-001, 0.0000000E+000
 1.2012091E+001, 8.2723539E+003,-2.2354991E+003, 6.4733925E+001,-4.4423597E+002,-4.8243830E-001, 0.0000000E+000, 0.0000000E+000, 5.6330762E+003, 5.6568704E+003, 5.9745364E+001, 1.8757887E-001, 0.0000000E+000
 1.3004328E+001, 8.3957103E+003,-2.2048295E+003,-1.0627624E+001,-4.3032634E+002,-4.9886416E-001, 0.0000000E+000, 0.0000000E+000, 5.7223378E+003, 5.7494279E+003, 5.9745364E+001, 1.9456150E-001, 0.0000000E+000
 1.4007151E+001, 8.7578826E+003,-2.3684916E+003, 1.1142740E+002,-5.1444324E+002,-5.1002603E-001, 0.0000000E+000, 0.0000000E+000, 5.9737811E+003, 5.9858651E+003, 5.9745364E+001, 2.0044673E-001, 0.0000000E+000
 1.5002865E+001, 8.7564322E+003,-2.3799179E+003, 1.9019538E+002,-5.7106634E+002,-5.1966329E-001, 0.0000000E+000, 0.0000000E+000, 6.0230651E+003, 5.9951236E+003, 5.9745364E+001, 2.0539845E-001, 0.0000000E+000
 1.6007496E+001, 9.1143436E+003,-2.5551098E+003, 5.6921541E+001,-5.7206833E+002,-5.3025988E-001, 0.0000000E+000, 0.0000000E+000, 6.0033289E+003, 6.0435567E+003, 5.9745364E+001, 2.0954834E-001, 0.0000000E+000
 1.7002405E+001, 9.3642039E+003,-2.4873305E+003, 7.9548274E+000,-5.8775579E+002,-5.4484533E-001, 0.0000000E+000, 0.0000000E+000, 6.2066440E+003, 6.2965276E+003, 5.9745364E+001, 2.1299958E-001, 0.0000000E+000
 1.8003120E+001, 9.3845181E+003,-2.5630686E+003, 1.6286537E+002,-6.9134106E+002,-5.4357581E-001, 0.0000000E+000, 0.0000000E+000, 6.3455848E+003, 6.2924302E+003, 5.9745364E+001, 2.1586109E-001, 0.0000000E+000
 1.9009274E+001, 9.0522981E+003,-2.4951847E+003, 1.4883836E+002,-7.4437821E+002,-5.4484218E-001, 0.0000000E+000, 0.0000000E+000, 5.9907301E+003, 5.9610286E+003, 5.9745364E+001, 2.1824626E-001, 0.0000000E+000
 2.0005905E+001, 9.8745679E+003,-2.7535415E+003, 6.1247808E+000,-7.4009112E+002,-5.5400673E-001, 0.0000000E+000, 0.0000000E+000, 6.2517486E+003, 6.3865060E+003, 5.9745364E+001, 2.2021455E-001, 0.0000000E+000
 2.1002008E+001, 9.7615292E+003,-2.7389274E+003, 7.4643816E+001,-7.6740798E+002,-5.5813643E-001, 0.0000000E+000, 0.0000000E+000, 6.2640084E+003, 6.3292795E+003, 5.9745364E+001, 2.2182912E-001, 0.0000000E+000
 2.2003752E+001, 9.3243236E+003,-2.6287144E+003, 1.8309489E+002,-8.9777257E+002,-5.5526003E-001, 0.0000000E+000, 0.0000000E+000, 6.1104490E+003, 5.9803763E+003, 5.9745364E+001, 2.2316393E-001, 0.0000000E+000
 2.3009651E+001, 9.7505719E+003,-2.8005320E+003,-3.2769494E+002,-8.9254797E+002,-5.4975574E-001, 0.0000000E+000, 0.0000000E+000, 5.6826458E+003, 5.7292472E+003, 5.9745364E+001, 2.2426877E-001, 0.0000000E+000
 2.4001236E+001, 1.0126452E+004,-2.8837512E+003,-1.3967277E+003,-8.5693088E+002,-5.5675196E-001, 0.0000000E+000, 0.0000000E+000, 4.7570146E+003, 4.9884849E+003, 5.9745364E+001, 2.2517218E-001, 0.0000000E+000
 2.5006208E+001, 9.8732954E+003,-2.8487875E+003,-2.3156181E+003,-9.6085344E+002,-5.5440692E-001, 0.0000000E+000, 0.0000000E+000, 3.8008058E+003, 3.7474819E+003, 5.9745364E+001, 2.2591380E-001, 0.0000000E+000
 2.6003483E+001, 9.2486405E+003,-2.6949656E+003,-2.5142806E+003,-1.0177648E+003,-5.5358317E-001, 0.0000000E+000, 0.0000000E+000, 3.1621443E+003, 3.0210759E+003, 5.9745364E+001, 2.2652517E-001, 0.0000000E+000
 2.7007496E+001, 1.0088010E+004,-2.9471042E+003,-2.2046310E+003,-9.5595268E+002,-5.5913715E-001, 0.0000000E+000, 0.0000000E+000, 3.8028858E+003, 3.9797632E+003, 5.9745364E+001, 2.2702648E-001, 0.0000000E+000
 2.8001986E+001, 1.0174594E+004,-2.9241582E+003,-2.2157145E+003,-9.0978140E+002,-5.6370196E-001, 0.0000000E+000, 0.0000000E+000, 3.8997665E+003, 4.1243764E+003, 5.9745364E+001, 2.2743746E-001, 0.0000000E+000
 2.9008512E+001, 9.8038728E+003,-2.8392659E+003,-2.7741568E+003,-1.0135180E+003,-5.5500362E-001, 0.0000000E+000, 0.0000000E+000, 3.3076960E+003, 3.1763772E+003, 5.9745364E+001, 2.2777427E-001, 0.0000000E+000
 3.0007208E+001, 9.7405060E+003,-2.9139022E+003,-3.0023911E+003,-1.0381178E+003,-5.5678888E-001, 0.0000000E+000, 0.0000000E+000, 2.8485219E+003, 2.7855381E+003, 5.9745364E+001, 2.2805143E-001, 0.0000000E+000
 3.1000826E+001, 1.0389030E+004,-3.0721112E+003,-2.6545339E+003,-9.5838329E+002,-5.6358557E-001, 0.0000000E+000, 0.0000000E+000, 3.4434401E+003, 3.7034381E+003, 5.9745364E+001, 2.2827708E-001, 0.0000000E+000
 3.2004398E+001, 9.8946844E+003,-2.8629769E+003,-2.8955875E+003,-9.8546507E+002,-5.6406917E-001, 0.0000000E+000, 0.0000000E+000, 3.0928724E+003, 3.1500909E+003, 5.9745364E+001, 2.2846230E-001, 0.0000000E+000
 3.3001110E+001, 9.5335133E+003,-2.9028999E+003,-3.2137868E+003,-1.0950569E+003,-5.5113124E-001, 0.0000000E+000, 0.0000000E+000, 2.5315351E+003, 2.3212186E+003, 5.9745364E+001, 2.2861451E-001,-4.7011810E-303
 3.4004875E+001, 1.0036309E+004,-3.0958291E+003,-3.1324702E+003,-1.0446528E+003,-5.5061676E-001, 0.0000000E+000, 0.0000000E+000, 2.6248876E+003, 2.7628058E+003, 5.9745364E+001, 2.2873925E-001,-3.2907418E-294
 3.5009598E+001, 1.0317503E+004,-3.0729200E+003,-3.0441072E+003,-1.0019922E+003,-5.6294748E-001, 0.0000000E+000, 0.0000000E+000, 2.9204428E+003, 3.1979203E+003, 5.9745364E+001, 2.2884171E-001,-8.2341886E-286
 3.6001530E+001, 9.9737646E+003,-2.9689815E+003,-3.4296116E+003,-1.0844335E+003,-5.6354333E-001, 0.0000000E+000, 0.0000000E+000, 2.5908683E+003, 2.4901744E+003, 5.9745364E+001, 2.2892506E-001,-8.9585768E-278
 3.7012829E+001, 9.7114179E+003,-3.0131631E+003,-3.6595002E+003,-1.1436160E+003,-5.6189838E-001, 0.0000000E+000, 0.0000000E+000, 2.1097704E+003, 1.8945767E+003, 5.9745364E+001, 2.2899364E-001,-1.4267504E-269
 3.8004784E+001, 1.0134999E+004,-3.0814905E+003,-3.4708743E+003,-1.0477484E+003,-5.6482185E-001, 0.0000000E+000, 0.0000000E+000, 2.3091582E+003, 2.5343210E+003, 5.9745364E+001, 2.2904979E-001,-1.3526940E-260
 3.9001141E+001, 1.0176904E+004,-3.0494525E+003,-3.1747101E+003,-1.0334241E+003,-5.6560112E-001, 0.0000000E+000, 0.0000000E+000, 2.6750509E+003, 2.9187520E+003, 5.9745364E+001, 2.2909539E-001,-3.5279820E-251
 4.0010479E+001, 1.0041871E+004,-3.0399656E+003,-3.6278697E+003,-1.1283988E+003,-5.6293761E-001, 0.0000000E+000, 0.0000000E+000, 2.4509586E+003, 2.2450744E+003, 5.9745364E+001, 2.2913308E-001,-1.9101833E-242
 4.1005806E+001, 9.4344294E+003,-2.9206517E+003,-4.0836992E+003,-1.1315208E+003,-5.5501144E-001, 0.0000000E+000, 0.0000000E+000, 1.4643750E+003, 1.2980028E+003, 5.9745364E+001, 2.2916395E-001,-1.3278251E-231
 4.2009766E+001, 1.0307900E+004,-3.1745137E+003,-3.4598217E+003,-1.0493309E+003,-5.5569461E-001, 0.0000000E+000, 0.0000000E+000, 2.2864785E+003, 2.6236778E+003, 5.9745364E+001, 2.2918914E-001,-3.0630717E-221
 4.3005634E+001, 1.0342084E+004,-3.1407566E+003,-3.3961659E+003,-1.0434784E+003,-5.6447770E-001, 0.0000000E+000, 0.0000000E+000, 2.5898049E+003, 2.7611182E+003, 5.9745364E+001, 2.2920974E-001,-6.5415610E-211
 4.4011707E+001, 9.5167296E+003,-2.9422020E+003,-4.1155601E+003,-1.1387754E+003,-5.5454701E-001, 0.0000000E+000, 0.0000000E+000, 1.6490006E+003, 1.3196375E+003, 5.9745364E+001, 2.2922665E-001,-3.3812215E-199
 4.5010166E+001, 9.8367274E+003,-3.1244636E+003,-3.9891364E+003,-1.1219496E+003,-5.5460173E-001, 0.0000000E+000, 0.0000000E+000, 1.5947613E+003, 1.6006232E+003, 5.9745364E+001, 2.2924051E-001,-6.9078161E-187
 4.6007538E+001, 1.0516795E+004,-3.2340339E+003,-3.3403792E+003,-1.0410170E+003,-5.6568350E-001, 0.0000000E+000, 0.0000000E+000, 2.4582371E+003, 2.9007994E+003, 5.9745364E+001, 2.2925181E-001,-4.4482624E-176
 4.7006672E+001, 9.9800228E+003,-3.0202065E+003,-3.3241641E+003,-1.0503438E+003,-5.6643440E-001, 0.0000000E+000, 0.0000000E+000, 2.4779249E+003, 2.5847420E+003, 5.9745364E+001, 2.2926105E-001,-2.3873294E-167
 4.8000610E+001, 9.6955940E+003,-3.0348684E+003,-4.0171484E+003,-1.1595258E+003,-5.5332995E-001, 0.0000000E+000, 0.0000000E+000, 1.8428157E+003, 1.4834980E+003, 5.9745364E+001, 2.2926862E-001,-1.3847385E-156
 4.9013294E+001, 9.9089565E+003,-3.1275908E+003,-3.5902773E+003,-1.1034531E+003,-5.5850620E-001, 0.0000000E+000, 0.0000000E+000, 2.0074530E+003, 2.0870769E+003, 5.9745364E+001, 2.2927487E-001,-1.1025698E-146
 5.0008781E+001, 1.0434133E+004,-3.2066552E+003,-3.1890375E+003,-1.0392247E+003,-5.6350501E-001, 0.0000000E+000, 0.0000000E+000, 2.5342523E+003, 2.9986518E+003, 5.9745364E+001, 2.2927997E-001,-5.0268797E-140
 5.1005402E+001, 1.0030833E+004,-3.0477370E+003,-3.7266665E+003,-1.1123926E+003,-5.5932597E-001, 0.0000000E+000, 0.0000000E+000, 2.1631375E+003, 2.1434774E+003, 5.9745364E+001, 2.2928412E-001,-5.7423775E-135
 5.2005371E+001, 9.2457019E+003,-2.9129354E+003,-4.4879517E+003,-1.2039451E+003,-5.4785581E-001, 0.0000000E+000, 0.0000000E+000, 9.1429401E+002, 6.4032183E+002, 5.9745364E+001, 2.2928753E-001,-2.9183438E-127
 5.3010902E+001, 1.0236910E+004,-3.2274484E+003,-3.7200407E+003,-1.1403488E+003,-5.5784866E-001, 0.0000000E+000, 0.0000000E+000, 1.8918575E+003, 2.1485143E+003, 5.9745364E+001, 2.2929033E-001,-1.5820142E-119
 5.4004387E+001, 1.0331487E+004,-3.1422884E+003,-3.4628149E+003,-1.0991739E+003,-5.6867672E-001, 0.0000000E+000, 0.0000000E+000, 2.2087275E+003, 2.6266414E+003, 5.9745364E+001, 2.2929261E-001,-8.2013875E-112
 5.5007915E+001, 9.9686780E+003,-3.0846493E+003,-4.2587917E+003,-1.1833359E+003,-5.5977417E-001, 0.0000000E+000, 0.0000000E+000, 1.6542223E+003, 1.4413414E+003, 5.9745364E+001, 2.2929448E-001,-8.5626062E-105
 5.6001869E+001, 9.7882555E+003,-3.1443671E+003,-4.4262748E+003,-1.1984573E+003,-5.5052442E-001, 0.0000000E+000, 0.0000000E+000, 1.2808346E+003, 1.0186058E+003, 5.9745364E+001, 2.2929602E-001,-7.8642523E-098
 5.7004082E+001, 1.0080922E+004,-3.1472988E+003,-3.8614456E+003,-1.1177642E+003,-5.6283815E-001, 0.0000000E+000, 0.0000000E+000, 1.6393342E+003, 1.9538508E+003, 5.9745364E+001, 2.2929727E-001,-9.5902812E-092
 5.8005600E+001, 1.0393972E+004,-3.2534902E+003,-3.6181305E+003,-1.1075953E+003,-5.6808639E-001, 0.0000000E+000, 0.0000000E+000, 2.0966470E+003, 2.4141878E+003, 5.9745364E+001, 2.2929830E-001,-3.1410021E-085
 5.9003021E+001, 9.4909164E+003,-2.9892017E+003,-4.1396577E+003,-1.2010031E+003,-5.5287249E-001, 0.0000000E+000, 0.0000000E+000, 1.4656166E+003, 1.1605011E+003, 5.9745364E+001, 2.2929914E-001,-6.6980169E-078
 6.0009438E+001, 9.8039604E+003,-3.1879476E+003,-4.1900492E+003,-1.2490370E+003,-5.5371930E-001, 0.0000000E+000, 0.0000000E+000, 1.1255202E+003, 1.1763729E+003, 5.9745364E+001, 2.2929983E-001,-4.3838596E-071
 6.1002106E+001, 1.0414760E+004,-3.2908232E+003,-3.6340628E+003,-1.1743397E+003,-5.6175625E-001, 0.0000000E+000, 0.0000000E+000, 1.8047578E+003, 2.3149725E+003, 5.9745364E+001, 2.2930039E-001,-7.5692237E-061
 6.2009441E+001, 1.0075547E+004,-3.1416689E+003,-3.9062079E+003,-1.1667749E+003,-5.5603493E-001, 0.0000000E+000, 0.0000000E+000, 1.7361500E+003, 1.8603394E+003, 5.9745364E+001, 2.2930086E-001,-2.0908107E-051
 6.3009609E+001, 9.6999387E+003,-3.1386702E+003,-4.3709262E+003,-1.2520661E+003,-5.4869370E-001, 0.0000000E+000, 0.0000000E+000, 1.2482197E+003, 9.3772755E+002, 5.9745364E+001, 2.2930123E-001,-1.9417809E-043
 6.4003159E+001, 9.9257201E+003,-3.2070264E+003,-3.9352751E+003,-1.2226497E+003,-5.5065950E-001, 0.0000000E+000, 0.0000000E+000, 1.5139349E+003, 1.5602182E+003, 5.9745364E+001, 2.2930154E-001,-2.7692159E-033
 6.5009193E+001, 1.0354790E+004,-3.2807400E+003,-3.6145344E+003,-1.1712836E+003,-5.5899661E-001, 0.0000000E+000, 0.0000000E+000, 1.9055274E+003, 2.2876725E+003, 5.9745364E+001, 2.2930180E-001,-4.9620650E-025
 6.6002769E+001, 1.0073028E+004,-3.1703082E+003,-3.9671349E+003,-1.2020009E+003,-5.6172673E-001, 0.0000000E+000, 0.0000000E+000, 1.7299718E+003, 1.7330225E+003, 5.9745364E+001, 2.2930200E-001,-5.8120325E-018
 6.7010643E+001, 9.6259313E+003,-3.1436674E+003,-4.3739757E+003,-1.2640880E+003,-5.4566912E-001, 0.0000000E+000, 0.0000000E+000, 1.1425049E+003, 8.4365457E+002, 5.9745364E+001, 2.2930217E-001,-3.3090568E-013
 6.8009048E+001, 9.8417470E+003,-3.1684942E+003,-4.2708760E+003,-1.2447123E+003,-5.4862572E-001, 0.0000000E+000, 0.0000000E+000, 1.1272545E+003, 1.1571158E+003, 5.9745364E+001, 2.2930231E-001,-3.1394152E-010
 6.9009979E+001, 1.0281892E+004,-3.2826045E+003,-3.9684409E+003,-1.2165063E+003,-5.5590705E-001, 0.0000000E+000, 0.0000000E+000, 1.4888784E+003, 1.8137845E+003, 5.9745364E+001, 2.2930243E-001,-5.3834294E-007
 7.0004547E+001, 1.0039096E+004,-3.1861628E+003,-4.1369057E+003,-1.2643812E+003,-5.5219184E-001, 0.0000000E+000, 0.0000000E+000, 1.5261566E+003, 1.4510941E+003, 5.9745431E+001, 2.2930252E-001,-6.7392001E-005
 7.1003601E+001, 9.7988970E+003,-3.1592385E+003,-4.1925378E+003,-1.3093727E+003,-5.5028397E-001, 0.0000000E+000, 0.0000000E+000, 1.3891966E+003, 1.1371977E+003, 5.9745603E+001, 2.2930260E-001,-2.3913590E-004
 7.2008667E+001, 1.0101044E+004,-3.3099968E+003,-4.1203271E+003,-1.2723404E+003,-5.5070692E-001, 0.0000000E+000, 0.0000000E+000, 1.1713732E+003, 1.3978289E+003, 5.9745891E+001, 2.2930266E-001,-5.2699687E-004
 7.3007027E+001, 1.0126078E+004,-3.2817855E+003,-4.1544252E+003,-1.2294149E+003,-5.4916593E-001, 0.0000000E+000, 0.0000000E+000, 1.1393388E+003, 1.4599036E+003, 5.9745953E+001, 2.2930271E-001,-5.8914818E-004
 7.4002907E+001, 9.8962225E+003,-3.1769098E+003,-4.6103229E+003,-1.2833373E+003,-5.5106933E-001, 0.0000000E+000, 0.0000000E+000, 9.6409838E+002, 8.2510152E+002, 5.9746277E+001, 2.2930275E-001,-9.1349994E-004
 7.5009895E+001, 9.8800207E+003,-3.2152329E+003,-4.4360309E+003,-1.3026059E+003,-5.4881533E-001, 0.0000000E+000, 0.0000000E+000, 1.2084705E+003, 9.2560226E+002, 5.9746358E+001, 2.2930279E-001,-9.9384241E-004
 7.6005951E+001, 9.9979959E+003,-3.2508986E+003,-3.9503469E+003,-1.2456611E+003,-5.5052163E-001, 0.0000000E+000, 0.0000000E+000, 1.4014585E+003, 1.5505387E+003, 5.9746628E+001, 2.2930281E-001,-1.2639876E-003
 7.7007675E+001, 1.0215415E+004,-3.2939946E+003,-3.7506212E+003,-1.2134327E+003,-5.5768886E-001, 0.0000000E+000, 0.0000000E+000, 1.5646189E+003, 1.9568088E+003, 5.9746994E+001, 2.2930284E-001,-1.6298465E-003
 7.8005173E+001, 1.0330950E+004,-3.3007436E+003,-3.9699288E+003,-1.2530161E+003,-5.6526982E-001, 0.0000000E+000, 0.0000000E+000, 1.9273416E+003, 1.8066962E+003, 5.9747091E+001, 2.2930286E-001,-1.7272215E-003
 7.9003998E+001, 9.6205565E+003,-3.1727524E+003,-4.1790541E+003,-1.2783178E+003,-5.5626270E-001, 0.0000000E+000, 0.0000000E+000, 1.3830808E+003, 9.8987602E+002, 5.9747152E+001, 2.2930287E-001,-1.7878425E-003
 8.0001595E+001, 1.0047916E+004,-3.2890556E+003,-4.3780659E+003,-1.2458029E+003,-5.6068140E-001, 0.0000000E+000, 0.0000000E+000, 8.7423210E+002, 1.1344314E+003, 5.9746982E+001, 2.2930288E-001,-1.6180820E-003
 8.1009270E+001, 1.0247912E+004,-3.3245833E+003,-4.1804745E+003,-1.2077782E+003,-5.6491993E-001, 0.0000000E+000, 0.0000000E+000, 1.0551799E+003, 1.5345111E+003, 5.9746514E+001, 2.2930289E-001,-1.1501940E-003
 8.2008621E+001, 9.7003441E+003,-3.1473713E+003,-4.4688904E+003,-1.2514028E+003,-5.5310964E-001, 0.0000000E+000, 0.0000000E+000, 1.0862965E+003, 8.3212642E+002, 5.9746452E+001, 2.2930290E-001,-1.0886759E-003
 8.3006462E+001, 9.6437124E+003,-3.1861821E+003,-4.3711544E+003,-1.2820069E+003,-5.4851407E-001, 0.0000000E+000, 0.0000000E+000, 1.1604110E+003, 8.0382045E+002, 5.9746599E+001, 2.2930291E-001,-1.2354131E-003
 8.4007446E+001, 1.0343337E+004,-3.3981911E+003,-3.7599418E+003,-1.2262525E+003,-5.5326026E-001, 0.0000000E+000, 0.0000000E+000, 1.6635334E+003, 1.9583984E+003, 5.9746890E+001, 2.2930292E-001,-1.5264641E-003
 8.5005287E+001, 1.0371335E+004,-3.3484002E+003,-3.6441049E+003,-1.1883950E+003,-5.6066889E-001, 0.0000000E+000, 0.0000000E+000, 1.7521398E+003, 2.1898738E+003, 5.9747691E+001, 2.2930292E-001,-2.3272649E-003
 8.6000259E+001, 9.7052380E+003,-3.1338549E+003,-4.1517048E+003,-1.2371182E+003,-5.6021557E-001, 0.0000000E+000, 0.0000000E+000, 1.3413344E+003, 1.1819999E+003, 5.9747661E+001, 2.2930292E-001,-2.2974929E-003
 8.7006004E+001, 9.8879920E+003,-3.2458655E+003,-4.5939368E+003,-1.3197250E+003,-5.5820154E-001, 0.0000000E+000, 0.0000000E+000, 1.0605697E+003, 7.2790640E+002, 5.9748649E+001, 2.2930293E-001,-3.2853353E-003
 8.8004822E+001, 9.9091389E+003,-3.2667719E+003,-4.2851667E+003,-1.2513965E+003,-5.5987972E-001, 0.0000000E+000, 0.0000000E+000, 9.4609019E+002, 1.1052440E+003, 5.9748156E+001, 2.2930293E-001,-2.7924427E-003
 8.9008247E+001, 1.0231685E+004,-3.3105886E+003,-3.8906172E+003,-1.2104620E+003,-5.6114398E-001, 0.0000000E+000, 0.0000000E+000, 1.5616165E+003, 1.8194564E+003, 5.9747647E+001, 2.2930293E-001,-2.2834119E-003
 9.0005768E+001, 9.9498988E+003,-3.2547692E+003,-4.3948888E+003,-1.2809453E+003,-5.5863216E-001, 0.0000000E+000, 0.0000000E+000, 1.1824761E+003, 1.0187368E+003, 5.9746873E+001, 2.2930293E-001,-1.5096992E-003
 9.1002167E+001, 9.9993075E+003,-3.2442257E+003,-4.4615054E+003,-1.3396093E+003,-5.5947522E-001, 0.0000000E+000, 0.0000000E+000, 1.1036018E+003, 9.5340767E+002, 5.9748345E+001, 2.2930294E-001,-2.9811785E-003
 9.2007370E+001, 1.0394825E+004,-3.4225469E+003,-4.0389369E+003,-1.3025993E+003,-5.6923788E-001, 0.0000000E+000, 0.0000000E+000, 1.3776477E+003, 1.6301731E+003, 5.9748383E+001, 2.2930294E-001,-3.0191698E-003
 9.3001495E+001, 9.9417184E+003,-3.2149074E+003,-4.0453650E+003,-1.2929776E+003,-5.6860293E-001, 0.0000000E+000, 0.0000000E+000, 1.2882203E+003, 1.3878998E+003, 5.9747279E+001, 2.2930294E-001,-1.9152126E-003
 9.4009590E+001, 9.5838881E+003,-3.2085735E+003,-4.2959537E+003,-1.3214119E+003,-5.5818720E-001, 0.0000000E+000, 0.0000000E+000, 9.9447095E+002, 7.5739079E+002, 5.9747192E+001, 2.2930294E-001,-1.8279557E-003
 9.5005539E+001, 1.0099184E+004,-3.3437664E+003,-4.2566748E+003,-1.2998122E+003,-5.5221139E-001, 0.0000000E+000, 0.0000000E+000, 1.2439085E+003, 1.1983780E+003, 5.9747393E+001, 2.2930294E-001,-2.0296819E-003
 9.6008621E+001, 1.0044106E+004,-3.2785920E+003,-4.0819366E+003,-1.2704611E+003,-5.5703869E-001, 0.0000000E+000, 0.0000000E+000, 1.2255406E+003, 1.4125591E+003, 5.9746942E+001, 2.2930294E-001,-1.5785790E-003
 9.7002121E+001, 1.0150352E+004,-3.2720709E+003,-4.2388758E+003,-1.2658929E+003,-5.5659317E-001, 0.0000000E+000, 0.0000000E+000, 1.3021382E+003, 1.3729562E+003, 5.9747422E+001, 2.2930294E-001,-2.0578556E-003
 9.8001656E+001, 9.9714014E+003,-3.2318637E+003,-4.6351469E+003,-1.2822423E+003,-5.5826776E-001, 0.0000000E+000, 0.0000000E+000, 1.0134892E+003, 8.2159018E+002, 5.9747396E+001, 2.2930294E-001,-2.0325930E-003
 9.9009972E+001, 9.8763589E+003,-3.2841398E+003,-4.4691606E+003,-1.2676474E+003,-5.5832863E-001, 0.0000000E+000, 0.0000000E+000, 9.3927736E+002, 8.5485283E+002, 5.9746925E+001, 2.2930294E-001,-1.5607895E-003
 1.0000668E+002, 1.0210539E+004,-3.3164400E+003,-4.2045127E+003,-1.2678265E+003,-5.6471298E-001, 0.0000000E+000, 0.0000000E+000, 1.2355238E+003, 1.4211948E+003, 5.9746986E+001, 2.2930294E-001,-1.6220839E-003
 1.0100268E+002, 9.7974595E+003,-3.2551066E+003,-4.7750595E+003,-1.2875014E+003,-5.5686747E-001, 0.0000000E+000, 0.0000000E+000, 3.9195690E+002, 4.7923511E+002, 5.9747096E+001, 2.2930294E-001,-1.7320094E-003
 1.0201083E+002, 9.8063232E+003,-3.1998357E+003,-4.8694313E+003,-1.3001094E+003,-5.5381802E-001, 0.0000000E+000, 0.0000000E+000, 5.5993528E+002, 4.3639299E+002, 5.9747883E+001, 2.2930294E-001,-2.5195555E-003
 1.0300098E+002, 1.0378528E+004,-3.4742019E+003,-4.3929092E+003,-1.2961313E+003,-5.6188268E-001, 0.0000000E+000, 0.0000000E+000, 1.2538578E+003, 1.2147239E+003, 5.9747301E+001, 2.2930294E-001,-1.9371170E-003
 1.0400801E+002, 9.7698879E+003,-3.1239167E+003,-3.8357554E+003,-1.2627430E+003,-5.5424661E-001, 0.0000000E+000, 0.0000000E+000, 1.5093152E+003, 1.5469185E+003, 5.9747416E+001, 2.2930294E-001,-2.0524061E-003
 1.0501087E+002, 9.8326651E+003,-3.2681417E+003,-3.8166009E+003,-1.2641485E+003,-5.5461804E-001, 0.0000000E+000, 0.0000000E+000, 1.4319263E+003, 1.4832193E+003, 5.9747610E+001, 2.2930294E-001,-2.2464566E-003
 1.0600603E+002, 9.9534525E+003,-3.2636191E+003,-4.1702707E+003,-1.2909898E+003,-5.5223972E-001, 0.0000000E+000, 0.0000000E+000, 1.2397936E+003, 1.2280206E+003, 5.9747830E+001, 2.2930294E-001,-2.4658990E-003
 1.0700803E+002, 1.0131780E+004,-3.3503916E+003,-4.4369662E+003,-1.3217753E+003,-5.4965741E-001, 0.0000000E+000, 0.0000000E+000, 1.0779491E+003, 1.0220969E+003, 5.9747784E+001, 2.2930294E-001,-2.4202153E-003
 1.0800428E+002, 1.0045206E+004,-3.3003174E+003,-4.5559165E+003,-1.3215519E+003,-5.5623468E-001, 0.0000000E+000, 0.0000000E+000, 8.7923418E+002, 8.6686422E+002, 5.9747203E+001, 2.2930294E-001,-1.8395431E-003
 1.0901011E+002, 1.0141337E+004,-3.3505669E+003,-4.1866184E+003,-1.3285860E+003,-5.5902628E-001, 0.0000000E+000, 0.0000000E+000, 1.2317312E+003, 1.2750063E+003, 5.9746565E+001, 2.2930294E-001,-1.2011938E-003
 1.1001019E+002, 9.6784028E+003,-3.2013616E+003,-4.3346534E+003,-1.3281069E+003,-5.4881330E-001, 0.0000000E+000, 0.0000000E+000, 8.0435583E+002, 8.1373211E+002, 5.9746606E+001, 2.2930294E-001,-1.2418565E-003
 1.1101026E+002, 9.9454619E+003,-3.2939294E+003,-4.7905044E+003,-1.3688315E+003,-5.4796785E-001, 0.0000000E+000, 0.0000000E+000, 5.2473159E+002, 4.9164864E+002, 5.9747125E+001, 2.2930294E-001,-1.7614590E-003
 1.1200578E+002, 9.9925120E+003,-3.3310338E+003,-4.7962437E+003,-1.3628802E+003,-5.4594151E-001, 0.0000000E+000, 0.0000000E+000, 4.8818118E+002, 5.0180840E+002, 5.9747992E+001, 2.2930294E-001,-2.6285533E-003
 1.1300140E+002, 1.0141974E+004,-3.3115380E+003,-4.7572626E+003,-1.3173447E+003,-5.4949261E-001, 0.0000000E+000, 0.0000000E+000, 7.1251492E+002, 7.5527924E+002, 5.9748271E+001, 2.2930294E-001,-2.9076933E-003
 1.1400619E+002, 1.0016671E+004,-3.3464334E+003,-4.6773628E+003,-1.3162576E+003,-5.5140533E-001, 0.0000000E+000, 0.0000000E+000, 7.0539291E+002, 6.7606537E+002, 5.9747953E+001, 2.2930294E-001,-2.5890295E-003
 1.1500438E+002, 1.0139259E+004,-3.3286446E+003,-4.7958059E+003,-1.3103649E+003,-5.5572163E-001, 0.0000000E+000, 0.0000000E+000, 7.1988921E+002, 7.0388740E+002, 5.9747093E+001, 2.2930294E-001,-1.7296448E-003
 1.1600970E+002, 9.8745114E+003,-3.2966091E+003,-4.7895918E+003,-1.3341797E+003,-5.5015422E-001, 0.0000000E+000, 0.0000000E+000, 4.4286798E+002, 4.5358061E+002, 5.9746841E+001, 2.2930294E-001,-1.4773946E-003
 1.1701006E+002, 9.8821552E+003,-3.2636423E+003,-4.7507914E+003,-1.3502810E+003,-5.4861033E-001, 0.0000000E+000, 0.0000000E+000, 4.9442575E+002, 5.1689192E+002, 5.9747350E+001, 2.2930294E-001,-1.9863478E-003
 1.1801160E+002, 9.9971879E+003,-3.3283430E+003,-4.6101801E+003,-1.3653634E+003,-5.4931188E-001, 0.0000000E+000, 0.0000000E+000, 7.0535068E+002, 6.9275196E+002, 5.9747255E+001, 2.2930294E-001,-1.8916836E-003
 1.1900050E+002, 1.0051410E+004,-3.3439476E+003,-4.6195685E+003,-1.3654224E+003,-5.4462668E-001, 0.0000000E+000, 0.0000000E+000, 7.4349070E+002, 7.2192685E+002, 5.9746700E+001, 2.2930294E-001,-1.3358810E-003
 1.2000656E+002, 9.8651029E+003,-3.2843078E+003,-4.9624448E+003,-1.3364896E+003,-5.4136964E-001, 0.0000000E+000, 0.0000000E+000, 3.2095152E+002, 2.8131932E+002, 5.9748039E+001, 2.2930294E-001,-2.6757256E-003
 1.2100038E+002, 1.0155237E+004,-3.3343578E+003,-4.9711453E+003,-1.3232922E+003,-5.5045077E-001, 0.0000000E+000, 0.0000000E+000, 4.6951815E+002, 5.2589173E+002, 5.9747983E+001, 2.2930294E-001,-2.6188204E-003
 1.2200630E+002, 1.0161534E+004,-3.3722705E+003,-4.8395475E+003,-1.3236044E+003,-5.5308756E-001, 0.0000000E+000, 0.0000000E+000, 5.8571724E+002, 6.2555841E+002, 5.9748007E+001, 2.2930294E-001,-2.6428330E-003
 1.2300010E+002, 9.7048762E+003,-3.2284229E+003,-4.7746399E+003,-1.3268453E+003,-5.4289088E-001, 0.0000000E+000, 0.0000000E+000, 4.7355245E+002, 3.7442522E+002, 5.9748355E+001, 2.2930294E-001,-2.9914333E-003
 1.2401207E+002, 1.0027374E+004,-3.3569926E+003,-4.5051664E+003,-1.3364460E+003,-5.4715423E-001, 0.0000000E+000, 0.0000000E+000, 8.6493460E+002, 8.2822160E+002, 5.9747685E+001, 2.2930294E-001,-2.3213538E-003
 1.2500867E+002, 1.0074153E+004,-3.3272040E+003,-4.4804253E+003,-1.3389104E+003,-5.4624501E-001, 0.0000000E+000, 0.0000000E+000, 8.4683012E+002, 9.2706679E+002, 5.9748183E+001, 2.2930294E-001,-2.8196399E-003
 1.2600583E+002, 9.9702971E+003,-3.3300696E+003,-4.8648189E+003,-1.3800090E+003,-5.4179989E-001, 0.0000000E+000, 0.0000000E+000, 3.8479909E+002, 3.9485778E+002, 5.9748793E+001, 2.2930294E-001,-3.4288301E-003
 1.2700484E+002, 9.6850788E+003,-3.2916909E+003,-4.9903005E+003,-1.3735138E+003,-5.3888039E-001, 0.0000000E+000, 0.0000000E+000, 1.3604649E+002, 2.9034712E+001, 5.9749420E+001, 2.2930294E-001,-4.0561434E-003
 1.2800331E+002, 1.0191451E+004,-3.3998447E+003,-4.9261049E+003,-1.3660689E+003,-5.4170896E-001, 0.0000000E+000, 0.0000000E+000, 4.1760855E+002, 4.9889044E+002, 5.9748137E+001, 2.2930294E-001,-2.7729107E-003
 1.2900978E+002, 1.0156879E+004,-3.3711581E+003,-4.7962035E+003,-1.3985763E+003,-5.4123926E-001, 0.0000000E+000, 0.0000000E+000, 5.5173201E+002, 5.9040004E+002, 5.9747297E+001, 2.2930294E-001,-1.9334835E-003
 1.3000900E+002, 9.9274051E+003,-3.3324057E+003,-4.9269217E+003,-1.4138199E+003,-5.4644463E-001, 0.0000000E+000, 0.0000000E+000, 3.3601654E+002, 2.5371131E+002, 5.9747741E+001, 2.2930294E-001,-2.3777319E-003
 1.3100929E+002, 1.0031017E+004,-3.3126260E+003,-4.9896589E+003,-1.4123188E+003,-5.4351211E-001, 0.0000000E+000, 0.0000000E+000, 3.4667362E+002, 3.1587003E+002, 5.9748009E+001, 2.2930294E-001,-2.6455810E-003
 1.3200067E+002, 1.0150054E+004,-3.4274553E+003,-4.8420531E+003,-1.4104127E+003,-5.5365131E-001, 0.0000000E+000, 0.0000000E+000, 3.7275408E+002, 4.6957977E+002, 5.9746597E+001, 2.2930294E-001,-1.2329777E-003
 1.3300047E+002, 9.9201826E+003,-3.2926731E+003,-4.6131685E+003,-1.3803391E+003,-5.5202457E-001, 0.0000000E+000, 0.0000000E+000, 6.3891372E+002, 6.3344989E+002, 5.9746513E+001, 2.2930294E-001,-1.1497104E-003
 1.3400026E+002, 9.8973568E+003,-3.3235706E+003,-4.3823731E+003,-1.3948528E+003,-5.4408104E-001, 0.0000000E+000, 0.0000000E+000, 9.0710580E+002, 7.9601628E+002, 5.9746391E+001, 2.2930294E-001,-1.0276664E-003
 1.3500719E+002, 9.6576291E+003,-3.2836292E+003,-4.7324235E+003,-1.4091284E+003,-5.4465706E-001, 0.0000000E+000, 0.0000000E+000, 2.2755700E+002, 2.3190331E+002, 5.9746803E+001, 2.2930294E-001,-1.4394948E-003
 1.3600879E+002, 1.0594516E+004,-3.5763936E+003,-5.1291863E+003,-1.4005762E+003,-5.5370196E-001, 0.0000000E+000, 0.0000000E+000, 3.3633047E+002, 4.8780571E+002, 5.9747146E+001, 2.2930294E-001,-1.7822584E-003
 1.3701186E+002, 9.9907521E+003,-3.2670621E+003,-5.2330541E+003,-1.3858443E+003,-5.5427710E-001, 0.0000000E+000, 0.0000000E+000, 1.6871953E+002, 1.0423733E+002, 5.9748121E+001, 2.2930294E-001,-2.7568423E-003
 1.3800671E+002, 9.8613345E+003,-3.3779448E+003,-5.1337396E+003,-1.3831170E+003,-5.5054549E-001, 0.0000000E+000, 0.0000000E+000, 1.3459754E+002,-3.4017496E+001, 5.9749283E+001, 2.2930294E-001,-3.9196684E-003
 1.3900478E+002, 9.8649184E+003,-3.2812509E+003,-5.0872106E+003,-1.3757222E+003,-5.4411112E-001, 0.0000000E+000, 0.0000000E+000, 1.2883889E+002, 1.2019063E+002, 5.9748699E+001, 2.2930294E-001,-3.3353510E-003
 1.4000594E+002, 1.0083646E+004,-3.3698545E+003,-4.9394354E+003,-1.3586058E+003,-5.4565675E-001, 0.0000000E+000, 0.0000000E+000, 2.6285555E+002, 4.1520442E+002, 5.9748324E+001, 2.2930294E-001,-2.9605528E-003
 1.4100960E+002, 1.0188976E+004,-3.4344485E+003,-4.6686424E+003,-1.3554368E+003,-5.5190674E-001, 0.0000000E+000, 0.0000000E+000, 6.9091275E+002, 7.2989620E+002, 5.9747925E+001, 2.2930294E-001,-2.5615939E-003
 1.4200052E+002, 1.0045625E+004,-3.3677868E+003,-4.5662322E+003,-1.3594159E+003,-5.5107621E-001, 0.0000000E+000, 0.0000000E+000, 9.1140458E+002, 7.5163904E+002, 5.9748256E+001, 2.2930294E-001,-2.8919926E-003
 1.4300858E+002, 9.6909227E+003,-3.3091811E+003,-4.8792197E+003,-1.3477273E+003,-5.4182267E-001, 0.0000000E+000, 0.0000000E+000, 2.7181054E+002, 1.5425275E+002, 5.9749051E+001, 2.2930294E-001,-3.6870711E-003
 1.4400487E+002, 9.8419366E+003,-3.3696943E+003,-4.9176446E+003,-1.3299495E+003,-5.4083790E-001, 0.0000000E+000, 0.0000000E+000, 7.3005677E+001, 2.2410735E+002, 5.9748586E+001, 2.2930294E-001,-3.2218003E-003
 1.4500002E+002, 1.0447523E+004,-3.4667336E+003,-4.8511983E+003,-1.3800366E+003,-5.5102785E-001, 0.0000000E+000, 0.0000000E+000, 5.9411241E+002, 7.4900381E+002, 5.9747771E+001, 2.2930294E-001,-2.4071610E-003
 1.4600591E+002, 1.0039867E+004,-3.3452999E+003,-5.1038307E+003,-1.4058305E+003,-5.5433471E-001, 0.0000000E+000, 0.0000000E+000, 4.0049428E+002, 1.8435116E+002, 5.9747778E+001, 2.2930294E-001,-2.4141457E-003
 1.4700581E+002, 9.8256876E+003,-3.3516721E+003,-5.1104195E+003,-1.3770897E+003,-5.5093732E-001, 0.0000000E+000, 0.0000000E+000, 2.0541852E+002,-1.4044641E+001, 5.9747305E+001, 2.2930294E-001,-1.9411496E-003
 1.4800572E+002, 1.0141641E+004,-3.4419601E+003,-4.7429909E+003,-1.3504007E+003,-5.5314353E-001, 0.0000000E+000, 0.0000000E+000, 4.1481320E+002, 6.0573629E+002, 5.9747734E+001, 2.2930294E-001,-2.3705706E-003
 1.4900432E+002, 9.9238076E+003,-3.3060843E+003,-4.5493587E+003,-1.3506688E+003,-5.5735278E-001, 0.0000000E+000, 0.0000000E+000, 5.0299983E+002, 7.1713839E+002, 5.9747733E+001, 2.2930294E-001,-2.3692628E-003
 1.5001004E+002, 1.0025316E+004,-3.3992531E+003,-4.8641630E+003,-1.4095279E+003,-5.5140388E-001, 0.0000000E+000, 0.0000000E+000, 5.2619062E+002, 3.5182011E+002, 5.9747189E+001, 2.2930294E-001,-1.8249920E-003
 1.5101128E+002, 9.7580687E+003,-3.3354317E+003,-4.8361975E+003,-1.4207719E+003,-5.4473922E-001, 0.0000000E+000, 0.0000000E+000, 3.7821998E+002, 1.6512283E+002, 5.9747132E+001, 2.2930294E-001,-1.7678519E-003
 1.5200647E+002, 1.0265042E+004,-3.5044821E+003,-4.7120488E+003,-1.3609251E+003,-5.4865698E-001, 0.0000000E+000, 0.0000000E+000, 4.8170898E+002, 6.8703735E+002, 5.9747002E+001, 2.2930294E-001,-1.6386391E-003
 1.5300166E+002, 9.9215382E+003,-3.3050089E+003,-4.9849679E+003,-1.3237653E+003,-5.4794568E-001, 0.0000000E+000, 0.0000000E+000, 3.1629580E+001, 3.0724817E+002, 5.9747214E+001, 2.2930294E-001,-1.8500471E-003
 1.5400433E+002, 9.9340793E+003,-3.3493200E+003,-5.0112415E+003,-1.3581803E+003,-5.5256536E-001, 0.0000000E+000, 0.0000000E+000, 3.0777535E+002, 2.1478496E+002, 5.9747334E+001, 2.2930294E-001,-1.9697789E-003
 1.5500462E+002, 9.9764933E+003,-3.3725007E+003,-4.9871766E+003,-1.3963576E+003,-5.4924888E-001, 0.0000000E+000, 0.0000000E+000, 5.1897697E+002, 2.1990911E+002, 5.9747557E+001, 2.2930294E-001,-2.1937129E-003
 1.5601187E+002, 1.0057740E+004,-3.4157694E+003,-4.9146387E+003,-1.3727346E+003,-5.5267474E-001, 0.0000000E+000, 0.0000000E+000, 3.5516951E+002, 3.5404465E+002, 5.9747595E+001, 2.2930294E-001,-2.2316564E-003
 1.5700548E+002, 9.9000419E+003,-3.3414183E+003,-4.5963578E+003,-1.3700749E+003,-5.5140225E-001, 0.0000000E+000, 0.0000000E+000, 3.6518508E+002, 5.9163943E+002, 5.9748935E+001, 2.2930294E-001,-3.5712624E-003
 1.5800175E+002, 1.0098927E+004,-3.3980466E+003,-4.5349304E+003,-1.3714485E+003,-5.5502972E-001, 0.0000000E+000, 0.0000000E+000, 6.5145825E+002, 7.9394658E+002, 5.9748475E+001, 2.2930294E-001,-3.1113125E-003
 1.5900352E+002, 9.9289850E+003,-3.3159349E+003,-4.8490003E+003,-1.4087260E+003,-5.4915534E-001, 0.0000000E+000, 0.0000000E+000, 5.8658935E+002, 3.5477472E+002, 5.9747974E+001, 2.2930294E-001,-2.6105455E-003
 1.6000455E+002, 9.9365212E+003,-3.3936715E+003,-5.2832962E+003,-1.3992238E+003,-5.4805067E-001, 0.0000000E+000, 0.0000000E+000, 1.1695661E+002,-1.4021831E+002, 5.9748153E+001, 2.2930294E-001,-2.7889849E-003
 1.6100800E+002, 1.0191346E+004,-3.4439127E+003,-5.1441331E+003,-1.3630847E+003,-5.5385522E-001, 0.0000000E+000, 0.0000000E+000, 6.7994293E+001, 2.3966200E+002, 5.9747662E+001, 2.2930294E-001,-2.2985988E-003
 1.6200993E+002, 1.0061859E+004,-3.3718814E+003,-4.5747494E+003,-1.3478093E+003,-5.5557873E-001, 0.0000000E+000, 0.0000000E+000, 5.1251766E+002, 7.6686324E+002, 5.9747958E+001, 2.2930294E-001,-2.5941785E-003
 1.6300153E+002, 9.8709422E+003,-3.3373045E+003,-4.8560046E+003,-1.3994511E+003,-5.4526304E-001, 0.0000000E+000, 0.0000000E+000, 4.2557469E+002, 2.7763673E+002, 5.9749435E+001, 2.2930294E-001,-4.0713486E-003
 1.6401083E+002, 9.8845699E+003,-3.3971729E+003,-5.2035830E+003,-1.4353578E+003,-5.4205116E-001, 0.0000000E+000, 0.0000000E+000, 9.5507585E+001,-1.5208576E+002, 5.9748343E+001, 2.2930294E-001,-2.9796847E-003
 1.6500534E+002, 9.8800350E+003,-3.3641041E+003,-5.1797675E+003,-1.4022378E+003,-5.3376236E-001, 0.0000000E+000, 0.0000000E+000,-1.9619469E+002,-6.6608201E+001, 5.9748242E+001, 2.2930294E-001,-2.8780561E-003
 1.6600684E+002, 9.9259062E+003,-3.3751404E+003,-4.8509517E+003,-1.3683424E+003,-5.3954756E-001, 0.0000000E+000, 0.0000000E+000, 6.1108048E+001, 3.3093213E+002, 5.9748261E+001, 2.2930294E-001,-2.8974886E-003
 1.6700021E+002, 1.0150648E+004,-3.3923543E+003,-4.6998400E+003,-1.3924229E+003,-5.4757488E-001, 0.0000000E+000, 0.0000000E+000, 6.3051301E+002, 6.6548322E+002, 5.9747272E+001, 2.2930294E-001,-1.9080065E-003
 1.6801118E+002, 1.0277950E+004,-3.3987130E+003,-5.0879333E+003,-1.4235130E+003,-5.4930971E-001, 0.0000000E+000, 0.0000000E+000, 6.2671273E+002, 3.6724147E+002, 5.9747670E+001, 2.2930294E-001,-2.3058685E-003
 1.6900777E+002, 9.8154690E+003,-3.3613788E+003,-5.3167191E+003,-1.4120971E+003,-5.4742106E-001, 0.0000000E+000, 0.0000000E+000,-1.3294249E+002,-2.7527340E+002, 5.9748219E+001, 2.2930294E-001,-2.8552126E-003
 1.7000121E+002, 9.9946479E+003,-3.4136332E+003,-4.8116152E+003,-1.3847618E+003,-5.5180009E-001, 0.0000000E+000, 0.0000000E+000, 1.0919283E+002, 3.8408588E+002, 5.9748867E+001, 2.2930294E-001,-3.5036203E-003
 1.7100618E+002, 1.0095829E+004,-3.3498012E+003,-4.7528400E+003,-1.3752576E+003,-5.5500846E-001, 0.0000000E+000, 0.0000000E+000, 4.6764969E+002, 6.1737492E+002, 5.9748272E+001, 2.2930294E-001,-2.9084357E-003
 1.7200694E+002, 9.9085690E+003,-3.3287223E+003,-4.7508569E+003,-1.4050324E+003,-5.4831149E-001, 0.0000000E+000, 0.0000000E+000, 7.2074187E+002, 4.2340914E+002, 5.9747567E+001, 2.2930294E-001,-2.2029489E-003
 1.7301183E+002, 9.7858820E+003,-3.3154773E+003,-4.9681686E+003,-1.3922039E+003,-5.4341294E-001, 0.0000000E+000, 0.0000000E+000, 3.5936453E+002, 1.0948874E+002, 5.9747887E+001, 2.2930294E-001,-2.5234789E-003
 1.7400510E+002, 1.0035227E+004,-3.3936835E+003,-5.0794967E+003,-1.3763899E+003,-5.3664899E-001, 0.0000000E+000, 0.0000000E+000,-5.5960978E+001, 1.8512037E+002, 5.9749670E+001, 2.2930294E-001,-4.3063492E-003
 1.7501245E+002, 9.9719142E+003,-3.4030506E+003,-4.6745029E+003,-1.3827112E+003,-5.4074090E-001, 0.0000000E+000, 0.0000000E+000, 1.8589862E+002, 5.1110869E+002, 5.9749007E+001, 2.2930294E-001,-3.6431982E-003
 1.7600217E+002, 1.0287969E+004,-3.4620002E+003,-4.8985697E+003,-1.4243185E+003,-5.4505920E-001, 0.0000000E+000, 0.0000000E+000, 6.3925203E+002, 5.0253589E+002, 5.9748782E+001, 2.2930294E-001,-3.4182096E-003
 1.7700525E+002, 1.0043251E+004,-3.3950943E+003,-5.1218032E+003,-1.4171838E+003,-5.5042812E-001, 0.0000000E+000, 0.0000000E+000, 4.7759161E+002, 1.0861924E+002, 5.9749222E+001, 2.2930294E-001,-3.8583282E-003
 1.7800893E+002, 9.8126481E+003,-3.3765373E+003,-5.1515206E+003,-1.3919295E+003,-5.4425452E-001, 0.0000000E+000, 0.0000000E+000,-8.5644359E+001,-1.0788349E+002, 5.9749458E+001, 2.2930294E-001,-4.0941098E-003
 1.7900063E+002, 1.0031442E+004,-3.3862374E+003,-5.1867316E+003,-1.3540396E+003,-5.4577941E-001, 0.0000000E+000, 0.0000000E+000,-2.3018372E+002, 1.0388730E+002, 5.9750150E+001, 2.2930294E-001,-4.7863418E-003
 1.8000409E+002, 9.8766455E+003,-3.2498078E+003,-4.9090166E+003,-1.3360432E+003,-5.3953981E-001, 0.0000000E+000, 0.0000000E+000, 2.0735504E+002, 3.8123827E+002, 5.9749596E+001, 2.2930294E-001,-4.2319943E-003
 1.8101089E+002, 1.0003902E+004,-3.3909564E+003,-5.0187972E+003,-1.4157113E+003,-5.3988724E-001, 0.0000000E+000, 0.0000000E+000, 4.6189074E+002, 1.7789767E+002, 5.9748943E+001, 2.2930294E-001,-3.5788113E-003
 1.8200436E+002, 9.9687258E+003,-3.4000361E+003,-4.9126595E+003,-1.4189308E+003,-5.4060895E-001, 0.0000000E+000, 0.0000000E+000, 3.3349207E+002, 2.3655887E+002, 5.9748860E+001, 2.2930294E-001,-3.4965825E-003
 1.8300479E+002, 1.0116736E+004,-3.4011217E+003,-4.8229297E+003,-1.3589017E+003,-5.4551379E-001, 0.0000000E+000, 0.0000000E+000, 1.8720190E+002, 5.3323737E+002, 5.9747795E+001, 2.2930294E-001,-2.4311642E-003
 1.8400838E+002, 1.0185998E+004,-3.3987254E+003,-4.7531542E+003,-1.3319350E+003,-5.5045600E-001, 0.0000000E+000, 0.0000000E+000, 3.7738717E+002, 7.0163269E+002, 5.9748327E+001, 2.2930294E-001,-2.9636505E-003
 1.8500175E+002, 9.9760763E+003,-3.3460373E+003,-4.9802476E+003,-1.3584614E+003,-5.4816472E-001, 0.0000000E+000, 0.0000000E+000, 4.7651979E+002, 2.9078178E+002, 5.9747710E+001, 2.2930294E-001,-2.3465441E-003
 1.8600172E+002, 9.7415064E+003,-3.3303798E+003,-5.2347929E+003,-1.4001337E+003,-5.4408824E-001, 0.0000000E+000, 0.0000000E+000, 6.5013003E+001,-2.2434399E+002, 5.9747272E+001, 2.2930294E-001,-1.9077891E-003
 1.8700507E+002, 1.0159712E+004,-3.4011893E+003,-5.2980145E+003,-1.3710609E+003,-5.4494489E-001, 0.0000000E+000, 0.0000000E+000,-1.0122143E+002, 8.8901923E+001, 5.9748159E+001, 2.2930294E-001,-2.7954208E-003
 1.8800404E+002, 9.9796416E+003,-3.3427310E+003,-5.0457967E+003,-1.3456531E+003,-5.4254315E-001, 0.0000000E+000, 0.0000000E+000,-4.8149922E+001, 2.4491816E+002, 5.9748257E+001, 2.2930294E-001,-2.8929301E-003
 1.8900212E+002, 1.0021401E+004,-3.3754242E+003,-5.0413276E+003,-1.3772581E+003,-5.4214097E-001, 0.0000000E+000, 0.0000000E+000, 4.0105900E+002, 2.2684915E+002, 5.9748780E+001, 2.2930294E-001,-3.4164560E-003
 1.9001221E+002, 9.6224803E+003,-3.2496837E+003,-5.0017535E+003,-1.4020584E+003,-5.3995396E-001, 0.0000000E+000, 0.0000000E+000, 2.9783809E+002,-3.1555303E+001, 5.9749375E+001, 2.2930294E-001,-4.0113733E-003
 1.9100684E+002, 1.0303497E+004,-3.5274549E+003,-4.7600697E+003,-1.3753959E+003,-5.4441228E-001, 0.0000000E+000, 0.0000000E+000, 4.0357175E+002, 6.4003238E+002, 5.9748684E+001, 2.2930294E-001,-3.3199089E-003
 1.9200821E+002, 1.0101380E+004,-3.3615907E+003,-4.7067370E+003,-1.3487259E+003,-5.4869659E-001, 0.0000000E+000, 0.0000000E+000, 3.8391704E+002, 6.8377761E+002, 5.9748163E+001, 2.2930294E-001,-2.7995930E-003
 1.9300523E+002, 9.9892703E+003,-3.3646034E+003,-4.6575839E+003,-1.3727487E+003,-5.4460393E-001, 0.0000000E+000, 0.0000000E+000, 6.9692547E+002, 5.9378965E+002, 5.9747933E+001, 2.2930294E-001,-2.5687922E-003
 1.9400015E+002, 9.9654654E+003,-3.3646801E+003,-5.0990351E+003,-1.4231461E+003,-5.4225699E-001, 0.0000000E+000, 0.0000000E+000, 3.5704278E+002, 7.8061862E+001, 5.9747699E+001, 2.2930294E-001,-2.3347957E-003
 1.9500536E+002, 9.8858649E+003,-3.3497143E+003,-5.1617949E+003,-1.4114347E+003,-5.3684631E-001, 0.0000000E+000, 0.0000000E+000,-9.4003531E+001,-3.7615785E+001, 5.9747817E+001, 2.2930294E-001,-2.4534602E-003
 1.9601056E+002, 9.8479603E+003,-3.2581116E+003,-5.2681579E+003,-1.3714520E+003,-5.3647306E-001, 0.0000000E+000, 0.0000000E+000,-3.5649733E+002,-5.0297780E+001, 5.9748293E+001, 2.2930294E-001,-2.9296647E-003
 1.9700319E+002, 1.0324435E+004,-3.4802606E+003,-5.2615729E+003,-1.3679576E+003,-5.4400938E-001, 0.0000000E+000, 0.0000000E+000, 8.4964507E+001, 2.1409981E+002, 5.9748514E+001, 2.2930294E-001,-3.1501081E-003
 1.9800839E+002, 9.8767662E+003,-3.2733769E+003,-5.1606578E+003,-1.3970699E+003,-5.4402703E-001, 0.0000000E+000, 0.0000000E+000, 4.1470568E+002, 4.5117530E+001, 5.9748707E+001, 2.2930294E-001,-3.3430432E-003
 1.9900662E+002, 9.8758598E+003,-3.3674968E+003,-5.3921753E+003,-1.3962594E+003,-5.4972352E-001, 0.0000000E+000, 0.0000000E+000,-1.6189793E+001,-2.8062137E+002, 5.9748211E+001, 2.2930294E-001,-2.8468732E-003
 2.0001158E+002, 1.0152423E+004,-3.4195338E+003,-5.2627040E+003,-1.3475350E+003,-5.4626378E-001, 0.0000000E+000, 0.0000000E+000,-1.6638648E+002, 1.2210356E+002, 5.9748077E+001, 2.2930294E-001,-2.7132163E-003
 2.0100542E+002, 9.9790893E+003,-3.3090404E+003,-4.9738877E+003,-1.3452043E+003,-5.4081811E-001, 0.0000000E+000, 0.0000000E+000, 5.3204742E+001, 3.5041600E+002, 5.9748550E+001, 2.2930294E-001,-3.1863203E-003
 2.0200157E+002, 9.8708617E+003,-3.2932718E+003,-4.6890211E+003,-1.4204987E+003,-5.3389301E-001, 0.0000000E+000, 0.0000000E+000, 6.9871427E+002, 4.6753621E+002, 5.9748434E+001, 2.2930294E-001,-3.0704728E-003
 2.0300256E+002, 9.8888516E+003,-3.4117960E+003,-5.1266444E+003,-1.4238017E+003,-5.3725738E-001, 0.0000000E+000, 0.0000000E+000, 2.6356812E+002,-7.3927681E+001, 5.9748547E+001, 2.2930294E-001,-3.1836329E-003
 2.0400742E+002, 1.0391708E+004,-3.5160901E+003,-5.4477987E+003,-1.3741588E+003,-5.4624776E-001, 0.0000000E+000, 0.0000000E+000,-3.5382218E+001, 5.3114500E+001, 5.9748296E+001, 2.2930294E-001,-2.9326109E-003
 2.0500952E+002, 1.0015971E+004,-3.3182036E+003,-5.0485369E+003,-1.3403470E+003,-5.4778070E-001, 0.0000000E+000, 0.0000000E+000,-1.3919127E+001, 3.0833533E+002, 5.9748722E+001, 2.2930294E-001,-3.3583491E-003
 2.0601013E+002, 9.9056838E+003,-3.3101670E+003,-4.8085892E+003,-1.3736749E+003,-5.3841084E-001, 0.0000000E+000, 0.0000000E+000, 4.3161258E+002, 4.1271419E+002, 5.9748089E+001, 2.2930294E-001,-2.7251044E-003
 2.0700261E+002, 9.8542684E+003,-3.3480235E+003,-5.2347654E+003,-1.4012790E+003,-5.3870041E-001, 0.0000000E+000, 0.0000000E+000, 1.6918024E+002,-1.3033811E+002, 5.9748266E+001, 2.2930294E-001,-2.9027418E-003
 2.0800739E+002, 9.9576419E+003,-3.3453956E+003,-5.3761690E+003,-1.3612391E+003,-5.4061107E-001, 0.0000000E+000, 0.0000000E+000,-7.4750160E+001,-1.2570243E+002, 5.9748244E+001, 2.2930294E-001,-2.8799404E-003
 2.0900195E+002, 1.0023746E+004,-3.3507175E+003,-5.1783490E+003,-1.3302017E+003,-5.3756907E-001, 0.0000000E+000, 0.0000000E+000,-1.1340885E+002, 1.6394042E+002, 5.9747387E+001, 2.2930294E-001,-2.0234778E-003
 2.1000928E+002, 1.0202943E+004,-3.4184771E+003,-5.0744575E+003,-1.3340829E+003,-5.4487114E-001, 0.0000000E+000, 0.0000000E+000, 1.7983377E+002, 3.7538027E+002, 5.9748762E+001, 2.2930294E-001,-3.3985028E-003
 2.1101085E+002, 1.0090694E+004,-3.3382774E+003,-5.2262956E+003,-1.3831960E+003,-5.4035131E-001, 0.0000000E+000, 0.0000000E+000, 3.8070383E+002, 1.4238431E+002, 5.9748890E+001, 2.2930294E-001,-3.5266960E-003
 2.1200157E+002, 9.8139509E+003,-3.3148335E+003,-5.2294099E+003,-1.3978936E+003,-5.4196813E-001, 0.0000000E+000, 0.0000000E+000, 1.0779770E+002,-1.2872807E+002, 5.9749062E+001, 2.2930294E-001,-3.6983066E-003
 2.1300189E+002, 1.0046918E+004,-3.3903269E+003,-5.0690154E+003,-1.3520800E+003,-5.4773983E-001, 0.0000000E+000, 0.0000000E+000,-1.2360482E+001, 2.3494801E+002, 5.9749375E+001, 2.2930294E-001,-4.0116605E-003
 2.1400027E+002, 1.0197530E+004,-3.4407342E+003,-5.0578174E+003,-1.3471237E+003,-5.5046164E-001, 0.0000000E+000, 0.0000000E+000, 6.3379044E+001, 3.5130465E+002, 5.9749340E+001, 2.2930294E-001,-3.9758621E-003
 2.1500803E+002, 9.5482898E+003,-3.2028953E+003,-5.2484260E+003,-1.3842952E+003,-5.4131801E-001, 0.0000000E+000, 0.0000000E+000,-1.2137477E+002,-2.8786803E+002, 5.9748325E+001, 2.2930294E-001,-2.9610460E-003
 2.1601091E+002, 9.9374025E+003,-3.3800796E+003,-5.3524787E+003,-1.4045309E+003,-5.3817907E-001, 0.0000000E+000, 0.0000000E+000, 4.1080122E+001,-2.0022481E+002, 5.9748442E+001, 2.2930294E-001,-3.0782843E-003
 2.1700366E+002, 9.8836336E+003,-3.3141394E+003,-5.1549609E+003,-1.3643190E+003,-5.3494513E-001, 0.0000000E+000, 0.0000000E+000,-4.9452378E+001, 4.9679271E+001, 5.9748472E+001, 2.2930294E-001,-3.1081216E-003
 2.1800620E+002, 1.0191551E+004,-3.4151292E+003,-5.0333287E+003,-1.3298355E+003,-5.4081476E-001, 0.0000000E+000, 0.0000000E+000, 1.5299500E+002, 4.1271726E+002, 5.9749804E+001, 2.2930294E-001,-4.4399440E-003
 2.1900964E+002, 1.0488101E+004,-3.4591430E+003,-5.1296718E+003,-1.3524765E+003,-5.4866331E-001, 0.0000000E+000, 0.0000000E+000, 4.7023596E+002, 5.4626077E+002, 5.9750350E+001, 2.2930294E-001,-4.9866836E-003
 2.2000922E+002, 9.6910424E+003,-3.2624854E+003,-5.3077871E+003,-1.3845746E+003,-5.3953285E-001, 0.0000000E+000, 0.0000000E+000, 1.6110694E+001,-2.6434432E+002, 5.9749142E+001, 2.2930294E-001,-3.7782415E-003
 2.2101047E+002, 9.6180107E+003,-3.2762677E+003,-5.4875255E+003,-1.4055158E+003,-5.3936790E-001, 0.0000000E+000, 0.0000000E+000,-4.6660319E+002,-5.5183765E+002, 5.9748391E+001, 2.2930294E-001,-3.0268377E-003
 2.2200528E+002, 1.0371421E+004,-3.4543013E+003,-5.1461615E+003,-1.3507834E+003,-5.5250948E-001, 0.0000000E+000, 0.0000000E+000, 5.7914826E+001, 4.1962248E+002, 5.9748443E+001, 2.2930294E-001,-3.0794365E-003
 2.2300841E+002, 1.0266214E+004,-3.3792442E+003,-4.9798537E+003,-1.3308280E+003,-5.5502669E-001, 0.0000000E+000, 0.0000000E+000, 4.9319101E+002, 5.7573273E+002, 5.9748279E+001, 2.2930294E-001,-2.9156634E-003
 2.2400096E+002, 9.7184369E+003,-3.2604325E+003,-5.1664514E+003,-1.3429126E+003,-5.4578214E-001, 0.0000000E+000, 0.0000000E+000, 3.2491874E+002,-5.1905392E+001, 5.9748152E+001, 2.2930294E-001,-2.7885310E-003
 2.2500021E+002, 1.0013000E+004,-3.4008762E+003,-5.3905758E+003,-1.3651905E+003,-5.4386562E-001, 0.0000000E+000, 0.0000000E+000,-4.3778750E+001,-1.4418655E+002, 5.9747651E+001, 2.2930294E-001,-2.2872734E-003
 2.2601076E+002, 1.0004503E+004,-3.3883010E+003,-5.1441263E+003,-1.3388425E+003,-5.4854392E-001, 0.0000000E+000, 0.0000000E+000,-1.6328505E+002, 1.3268439E+002, 5.9748902E+001, 2.2930294E-001,-3.5379384E-003
 2.2700195E+002, 1.0250165E+004,-3.3958942E+003,-5.1862005E+003,-1.3422460E+003,-5.4794277E-001, 0.0000000E+000, 0.0000000E+000, 1.9506008E+002, 3.2527653E+002, 5.9749426E+001, 2.2930294E-001,-4.0619073E-003
 2.2800568E+002, 9.7054001E+003,-3.3229420E+003,-5.2744701E+003,-1.4052105E+003,-5.3926407E-001, 0.0000000E+000, 0.0000000E+000, 1.3214670E+000,-2.9776180E+002, 5.9748100E+001, 2.2930294E-001,-2.7365516E-003
 2.2900752E+002, 9.9647756E+003,-3.3571936E+003,-5.1194769E+003,-1.4122451E+003,-5.4081513E-001, 0.0000000E+000, 0.0000000E+000, 1.7196544E+002, 7.5319127E+001, 5.9747594E+001, 2.2930294E-001,-2.2305979E-003
 2.3000542E+002, 1.0148000E+004,-3.4583680E+003,-5.3318586E+003,-1.3795461E+003,-5.4391586E-001, 0.0000000E+000, 0.0000000E+000,-2.7011962E+002,-2.2316930E+001, 5.9747741E+001, 2.2930294E-001,-2.3772140E-003
 2.3100583E+002, 1.0052818E+004,-3.3986958E+003,-5.1688959E+003,-1.3539698E+003,-5.4394484E-001, 0.0000000E+000, 0.0000000E+000,-6.5880430E+001, 1.3071237E+002, 5.9747567E+001, 2.2930294E-001,-2.2036323E-003
 2.3201022E+002, 9.6446383E+003,-3.2339831E+003,-5.1310990E+003,-1.3764538E+003,-5.3553463E-001, 0.0000000E+000, 0.0000000E+000, 1.2119740E+002,-9.7433098E+001, 5.9748222E+001, 2.2930294E-001,-2.8581163E-003
 2.3301100E+002, 9.8201351E+003,-3.3037065E+003,-5.0757270E+003,-1.3875568E+003,-5.3695064E-001, 0.0000000E+000, 0.0000000E+000, 2.5862481E+002, 5.2607731E+001, 5.9748173E+001, 2.2930294E-001,-2.8091009E-003
 2.3400598E+002, 1.0123258E+004,-3.4398451E+003,-5.2474127E+003,-1.3662350E+003,-5.3605998E-001, 0.0000000E+000, 0.0000000E+000,-4.9274517E+001, 6.9229119E+001, 5.9748622E+001, 2.2930294E-001,-3.2587613E-003
 2.3500163E+002, 1.0064753E+004,-3.3560123E+003,-5.1872449E+003,-1.3362138E+003,-5.4053500E-001, 0.0000000E+000, 0.0000000E+000,-5.9515963E+001, 1.8474191E+002, 5.9748123E+001, 2.2930294E-001,-2.7591597E-003
 2.3600636E+002, 1.0139959E+004,-3.4276679E+003,-5.1674337E+003,-1.3533647E+003,-5.4049628E-001, 0.0000000E+000, 0.0000000E+000, 1.4842251E+002, 1.9095214E+002, 5.9749353E+001, 2.2930294E-001,-3.9892522E-003
 2.3700146E+002, 1.0050244E+004,-3.3658423E+003,-5.3697030E+003,-1.3968149E+003,-5.4023724E-001, 0.0000000E+000, 0.0000000E+000, 1.6471011E+002,-8.2656375E+001, 5.9747687E+001, 2.2930294E-001,-2.3235202E-003
 2.3801108E+002, 1.0134510E+004,-3.3969886E+003,-5.4881898E+003,-1.3966252E+003,-5.4542511E-001, 0.0000000E+000, 0.0000000E+000,-1.3617271E+001,-1.4783912E+002, 5.9747142E+001, 2.2930294E-001,-1.7778949E-003
 2.3901089E+002, 9.9961544E+003,-3.3639123E+003,-5.2387370E+003,-1.3378251E+003,-5.4292451E-001, 0.0000000E+000, 0.0000000E+000,-1.6488414E+002, 5.5137100E+001, 5.9748856E+001, 2.2930294E-001,-3.4917781E-003
 2.4000142E+002, 1.0030784E+004,-3.3886503E+003,-5.0816792E+003,-1.3268425E+003,-5.4438456E-001, 0.0000000E+000, 0.0000000E+000, 9.0373072E+001, 2.3306788E+002, 5.9748194E+001, 2.2930294E-001,-2.8300608E-003
 2.4101166E+002, 9.9426435E+003,-3.3181103E+003,-5.3415401E+003,-1.3793395E+003,-5.4596053E-001, 0.0000000E+000, 0.0000000E+000, 1.4037255E+002,-9.6892384E+001, 5.9747592E+001, 2.2930294E-001,-2.2287686E-003
 2.4200706E+002, 1.0007359E+004,-3.4071430E+003,-5.6439286E+003,-1.3699962E+003,-5.5020071E-001, 0.0000000E+000, 0.0000000E+000,-1.8986864E+002,-4.1425866E+002, 5.9747428E+001, 2.2930294E-001,-2.0639048E-003
 2.4300183E+002, 9.8676862E+003,-3.3137834E+003,-5.2867862E+003,-1.3593516E+003,-5.4196188E-001, 0.0000000E+000, 0.0000000E+000,-1.7146489E+002,-9.2776953E+001, 5.9747724E+001, 2.2930294E-001,-2.3607027E-003
 2.4400418E+002, 9.8254572E+003,-3.3100835E+003,-4.9998768E+003,-1.3616832E+003,-5.3669372E-001, 0.0000000E+000, 0.0000000E+000,-3.8123645E+001, 1.5327696E+002, 5.9748096E+001, 2.2930294E-001,-2.7326216E-003
 2.4500536E+002, 1.0262877E+004,-3.4753105E+003,-5.2790692E+003,-1.3644043E+003,-5.4009452E-001, 0.0000000E+000, 0.0000000E+000, 1.0901287E+002, 1.4355256E+002, 5.9748203E+001, 2.2930294E-001,-2.8395166E-003
 2.4600652E+002, 1.0044629E+004,-3.3484973E+003,-5.6044569E+003,-1.3586648E+003,-5.4258784E-001, 0.0000000E+000, 0.0000000E+000,-5.2228529E+001,-2.6753245E+002, 5.9747756E+001, 2.2930294E-001,-2.3924849E-003
 2.4700380E+002, 9.8684377E+003,-3.3352144E+003,-5.5706683E+003,-1.3431048E+003,-5.4217796E-001, 0.0000000E+000, 0.0000000E+000,-2.2184251E+002,-3.8109193E+002, 5.9747811E+001, 2.2930294E-001,-2.4473476E-003
 2.4801289E+002, 1.0135125E+004,-3.4146775E+003,-4.9018983E+003,-1.3264794E+003,-5.4402679E-001, 0.0000000E+000, 0.0000000E+000, 2.8829467E+002, 4.9152533E+002, 5.9748278E+001, 2.2930294E-001,-2.9141082E-003
 2.4900984E+002, 9.8995516E+003,-3.3127660E+003,-4.6753407E+003,-1.3508606E+003,-5.4249282E-001, 0.0000000E+000, 0.0000000E+000, 3.8907271E+002, 5.6004182E+002, 5.9748221E+001, 2.2930294E-001,-2.8574593E-003
 2.5000656E+002, 9.8348926E+003,-3.2822539E+003,-4.9857800E+003,-1.3984502E+003,-5.3542524E-001, 0.0000000E+000, 0.0000000E+000, 3.2620137E+002, 1.6787310E+002, 5.9747915E+001, 2.2930294E-001,-2.5517074E-003
 2.5100615E+002, 1.0064329E+004,-3.4373682E+003,-5.2005989E+003,-1.4088593E+003,-5.3808475E-001, 0.0000000E+000, 0.0000000E+000, 2.1384030E+002, 1.6964612E+001, 5.9748327E+001, 2.2930294E-001,-2.9631010E-003
 2.5200574E+002, 1.0319280E+004,-3.4486231E+003,-5.0343287E+003,-1.3847175E+003,-5.4634230E-001, 0.0000000E+000, 0.0000000E+000, 3.5603320E+002, 4.5106445E+002, 5.9749150E+001, 2.2930294E-001,-3.7863795E-003
 2.5300601E+002, 9.9373539E+003,-3.3510618E+003,-4.7837982E+003,-1.3395850E+003,-5.4750273E-001, 0.0000000E+000, 0.0000000E+000, 3.6374980E+002, 4.6236136E+002, 5.9749475E+001, 2.2930294E-001,-4.1108190E-003
 2.5400897E+002, 1.0023255E+004,-3.3520351E+003,-4.9102774E+003,-1.3260436E+003,-5.4703412E-001, 0.0000000E+000, 0.0000000E+000, 4.3776432E+002, 4.3435139E+002, 5.9748890E+001, 2.2930294E-001,-3.5265212E-003
 2.5500221E+002, 1.0049760E+004,-3.4347805E+003,-5.1793753E+003,-1.3878494E+003,-5.4779600E-001, 0.0000000E+000, 0.0000000E+000, 1.6835814E+002, 4.7207081E+001, 5.9749351E+001, 2.2930294E-001,-3.9868714E-003
 2.5600882E+002, 9.8221729E+003,-3.3128656E+003,-5.4202028E+003,-1.3539068E+003,-5.4219813E-001, 0.0000000E+000, 0.0000000E+000,-3.0413548E+002,-2.6534448E+002, 5.9750197E+001, 2.2930294E-001,-4.8336379E-003
 2.5700803E+002, 9.8973270E+003,-3.2864782E+003,-5.2805858E+003,-1.3357188E+003,-5.4911855E-001, 0.0000000E+000, 0.0000000E+000,-1.2555579E+002,-6.0049569E+000, 5.9748731E+001, 2.2930294E-001,-3.3669568E-003
 2.5800345E+002, 1.0163385E+004,-3.3808777E+003,-5.1634610E+003,-1.3305537E+003,-5.5085100E-001, 0.0000000E+000, 0.0000000E+000, 2.6859228E+002, 2.8794199E+002, 5.9748375E+001, 2.2930294E-001,-3.0117630E-003
 2.5900766E+002, 9.9995595E+003,-3.3896174E+003,-5.3381888E+003,-1.3283935E+003,-5.4926344E-001, 0.0000000E+000, 0.0000000E+000, 8.4863651E+001,-5.7189480E+001, 5.9748700E+001, 2.2930294E-001,-3.3367026E-003
 2.6001016E+002, 1.0097826E+004,-3.3583419E+003,-5.3587368E+003,-1.3235251E+003,-5.4877345E-001, 0.0000000E+000, 0.0000000E+000, 1.7778194E+002, 5.6673820E+001, 5.9747763E+001, 2.2930294E-001,-2.3990695E-003
 2.6100623E+002, 9.9290322E+003,-3.3343743E+003,-5.1066250E+003,-1.3396344E+003,-5.5305156E-001, 0.0000000E+000, 0.0000000E+000, 5.7917789E+001, 1.4784536E+002, 5.9748290E+001, 2.2930294E-001,-2.9259821E-003
 2.6200018E+002, 1.0132502E+004,-3.4087373E+003,-4.9545031E+003,-1.3486074E+003,-5.4877415E-001, 0.0000000E+000, 0.0000000E+000, 2.5124819E+002, 4.2010551E+002, 5.9748755E+001, 2.2930294E-001,-3.3912135E-003
 2.6301129E+002, 9.6149293E+003,-3.2324369E+003,-4.9143127E+003,-1.3440008E+003,-5.4273214E-001, 0.0000000E+000, 0.0000000E+000, 3.1911573E+002, 1.2363624E+002, 5.9750032E+001, 2.2930294E-001,-4.6677930E-003
 2.6400659E+002, 9.9413403E+003,-3.3335209E+003,-5.1250892E+003,-1.3600795E+003,-5.3817470E-001, 0.0000000E+000, 0.0000000E+000, 2.4314236E+002, 1.2211247E+002, 5.9750114E+001, 2.2930294E-001,-4.7503953E-003
 2.6500766E+002, 9.9601979E+003,-3.3772272E+003,-5.2396329E+003,-1.3308492E+003,-5.3859204E-001, 0.0000000E+000, 0.0000000E+000,-1.5423764E+002, 1.1950117E+001, 5.9750340E+001, 2.2930294E-001,-4.9758537E-003
 2.6600873E+002, 1.0149055E+004,-3.3524410E+003,-4.9502774E+003,-1.3259013E+003,-5.4369175E-001, 0.0000000E+000, 0.0000000E+000, 4.1711552E+002, 5.1989137E+002, 5.9750162E+001, 2.2930294E-001,-4.7979487E-003
 2.6701108E+002, 1.0203231E+004,-3.3797437E+003,-4.7901525E+003,-1.3419393E+003,-5.4385562E-001, 0.0000000E+000, 0.0000000E+000, 7.3685601E+002, 6.9085159E+002, 5.9750111E+001, 2.2930294E-001,-4.7470904E-003
 2.6801041E+002, 9.9441181E+003,-3.3567404E+003,-4.8285066E+003,-1.3778925E+003,-5.3941966E-001, 0.0000000E+000, 0.0000000E+000, 5.5557367E+002, 3.8043922E+002, 5.9749340E+001, 2.2930294E-001,-3.9761560E-003
 2.6900677E+002, 9.8783967E+003,-3.3593671E+003,-5.0213087E+003,-1.3738871E+003,-5.3778998E-001, 0.0000000E+000, 0.0000000E+000, 2.2107811E+002, 1.2329606E+002, 5.9748138E+001, 2.2930294E-001,-2.7741849E-003
 2.7000723E+002, 9.9235141E+003,-3.3468696E+003,-5.2245160E+003,-1.3461068E+003,-5.2728825E-001, 0.0000000E+000, 0.0000000E+000,-2.5786427E+002, 5.4943809E+000, 5.9748387E+001, 2.2930294E-001,-3.0228316E-003
 2.7100769E+002, 1.0098572E+004,-3.4154840E+003,-5.2310343E+003,-1.3584813E+003,-5.3317004E-001, 0.0000000E+000, 0.0000000E+000,-7.3679677E+001, 9.3039572E+001, 5.9748002E+001, 2.2930294E-001,-2.6378650E-003
 2.7201184E+002, 9.8312869E+003,-3.2598910E+003,-5.2639557E+003,-1.3754466E+003,-5.3235472E-001, 0.0000000E+000, 0.0000000E+000, 1.8722761E+002,-6.8538772E+001, 5.9747627E+001, 2.2930294E-001,-2.2630794E-003
 2.7300909E+002, 9.8968476E+003,-3.2807535E+003,-5.3054772E+003,-1.3541485E+003,-5.3532329E-001, 0.0000000E+000, 0.0000000E+000, 1.7109577E+002,-4.4066894E+001, 5.9748811E+001, 2.2930294E-001,-3.4475948E-003
 2.7400870E+002, 1.0100456E+004,-3.4450482E+003,-4.9282088E+003,-1.3369524E+003,-5.3832519E-001, 0.0000000E+000, 0.0000000E+000, 2.5387899E+002, 3.8970860E+002, 5.9749591E+001, 2.2930294E-001,-4.2270848E-003
 2.7500131E+002, 1.0319029E+004,-3.4125111E+003,-4.9115930E+003,-1.3182271E+003,-5.4255112E-001, 0.0000000E+000, 0.0000000E+000, 4.8622059E+002, 6.7615477E+002, 5.9748276E+001, 2.2930294E-001,-2.9120484E-003
 2.7600388E+002, 9.8002159E+003,-3.2460200E+003,-5.2135998E+003,-1.3342071E+003,-5.4698796E-001, 0.0000000E+000, 0.0000000E+000, 2.9226206E+001, 5.8421305E+000, 5.9748061E+001, 2.2930294E-001,-2.6971303E-003
 2.7700232E+002, 1.0013550E+004,-3.3986726E+003,-5.5050629E+003,-1.3386770E+003,-5.4573298E-001, 0.0000000E+000, 0.0000000E+000,-6.4884769E+001,-2.2940802E+002, 5.9748198E+001, 2.2930294E-001,-2.8346465E-003
 2.7801151E+002, 1.0160180E+004,-3.3667079E+003,-5.3377915E+003,-1.3253249E+003,-5.4460830E-001, 0.0000000E+000, 0.0000000E+000, 1.6606431E+002, 1.2981060E+002, 5.9748739E+001, 2.2930294E-001,-3.3747994E-003
 2.7900095E+002, 9.9252151E+003,-3.2997922E+003,-5.1721331E+003,-1.3001524E+003,-5.4245662E-001, 0.0000000E+000, 0.0000000E+000, 2.4595215E+001, 1.5259491E+002, 5.9749543E+001, 2.2930294E-001,-4.1788280E-003
 2.8000922E+002, 9.9741661E+003,-3.3579207E+003,-5.0535403E+003,-1.3083564E+003,-5.4092837E-001, 0.0000000E+000, 0.0000000E+000, 2.0266636E+002, 2.5380788E+002, 5.9749127E+001, 2.2930294E-001,-3.7633712E-003
 2.8101169E+002, 9.8645844E+003,-3.3249750E+003,-5.1805314E+003,-1.3076132E+003,-5.4016171E-001, 0.0000000E+000, 0.0000000E+000, 2.1854379E+002, 5.0924647E+001, 5.9748240E+001, 2.2930294E-001,-2.8767442E-003
 2.8200113E+002, 1.0044354E+004,-3.3359489E+003,-5.3722622E+003,-1.2897400E+003,-5.4251232E-001, 0.0000000E+000, 0.0000000E+000, 1.1666210E+002, 4.5860351E+001, 5.9748082E+001, 2.2930294E-001,-2.7181854E-003
 2.8300867E+002, 1.0241359E+004,-3.3923692E+003,-5.2404155E+003,-1.3035085E+003,-5.4153414E-001, 0.0000000E+000, 0.0000000E+000, 2.2968781E+002, 3.0452404E+002, 5.9749134E+001, 2.2930294E-001,-3.7701501E-003
 2.8400253E+002, 9.7060038E+003,-3.2306473E+003,-5.2340792E+003,-1.3250637E+003,-5.3813061E-001, 0.0000000E+000, 0.0000000E+000,-1.0261566E+002,-8.4324529E+001, 5.9749776E+001, 2.2930294E-001,-4.4123054E-003
 2.8500302E+002, 1.0055432E+004,-3.3160177E+003,-5.2832617E+003,-1.3375458E+003,-5.3707206E-001, 0.0000000E+000, 0.0000000E+000, 1.3490671E+002, 1.1806930E+002, 5.9748696E+001, 2.2930294E-001,-3.3327427E-003
 2.8600461E+002, 1.0065747E+004,-3.3812097E+003,-5.3705253E+003,-1.3462787E+003,-5.4562701E-001, 0.0000000E+000, 0.0000000E+000, 2.6149886E+001,-3.2812817E+001, 5.9748578E+001, 2.2930294E-001,-3.2143519E-003
 2.8700189E+002, 1.0179274E+004,-3.3658928E+003,-5.3237695E+003,-1.3351420E+003,-5.4375795E-001, 0.0000000E+000, 0.0000000E+000, 1.7612826E+002, 1.5392582E+002, 5.9747770E+001, 2.2930294E-001,-2.4062280E-003
 2.8800494E+002, 9.8047643E+003,-3.2818360E+003,-5.0090678E+003,-1.2980836E+003,-5.3895241E-001, 0.0000000E+000, 0.0000000E+000, 2.1408697E+002, 2.1523783E+002, 5.9748152E+001, 2.2930294E-001,-2.7886519E-003
 2.8900070E+002, 1.0049751E+004,-3.3663205E+003,-4.9362323E+003,-1.2864107E+003,-5.3731797E-001, 0.0000000E+000, 0.0000000E+000, 4.1161487E+002, 4.6024972E+002, 5.9749205E+001, 2.2930294E-001,-3.8412209E-003
 2.9000012E+002, 9.8626487E+003,-3.2708669E+003,-5.3536906E+003,-1.3045885E+003,-5.3169520E-001, 0.0000000E+000, 0.0000000E+000,-4.0392018E+001,-6.7028979E+001, 5.9749581E+001, 2.2930294E-001,-4.2175049E-003
 2.9101202E+002, 1.0134713E+004,-3.4547783E+003,-5.4091764E+003,-1.3259173E+003,-5.4063060E-001, 0.0000000E+000, 0.0000000E+000,-6.7168038E+001,-5.5699368E+001, 5.9749729E+001, 2.2930294E-001,-4.3655720E-003
 2.9201074E+002, 1.0001262E+004,-3.2842192E+003,-5.5602881E+003,-1.3090856E+003,-5.3617811E-001, 0.0000000E+000, 0.0000000E+000,-1.2720871E+002,-1.5286746E+002, 5.9749009E+001, 2.2930294E-001,-3.6449149E-003
 2.9300693E+002, 9.9331341E+003,-3.3252726E+003,-5.5504420E+003,-1.3004548E+003,-5.4392663E-001, 0.0000000E+000, 0.0000000E+000,-2.0779305E+002,-2.4357929E+002, 5.9749105E+001, 2.2930294E-001,-3.7416213E-003
 2.9400824E+002, 1.0053064E+004,-3.3256825E+003,-5.2876024E+003,-1.2969580E+003,-5.4461273E-001, 0.0000000E+000, 0.0000000E+000, 8.7660613E+001, 1.4227607E+002, 5.9749212E+001, 2.2930294E-001,-3.8486272E-003
 2.9500958E+002, 1.0021497E+004,-3.3246414E+003,-5.1250897E+003,-1.3063610E+003,-5.4079229E-001, 0.0000000E+000, 0.0000000E+000, 3.0549226E+002, 2.6486380E+002, 5.9749444E+001, 2.2930294E-001,-4.0803063E-003
 2.9601221E+002, 9.7726272E+003,-3.2718388E+003,-5.1747808E+003,-1.3176424E+003,-5.3523895E-001, 0.0000000E+000, 0.0000000E+000, 7.5514610E+001, 7.8299557E+000, 5.9749870E+001, 2.2930294E-001,-4.5057925E-003
 2.9700848E+002, 1.0103541E+004,-3.3901972E+003,-5.0328353E+003,-1.2964936E+003,-5.3909949E-001, 0.0000000E+000, 0.0000000E+000, 3.3132178E+002, 3.8347617E+002, 5.9748040E+001, 2.2930294E-001,-2.6763777E-003
 2.9800473E+002, 1.0013563E+004,-3.3316808E+003,-4.9875171E+003,-1.2889707E+003,-5.3872403E-001, 0.0000000E+000, 0.0000000E+000, 4.0130989E+002, 4.0485583E+002, 5.9747383E+001, 2.2930294E-001,-2.0195048E-003
 2.9900287E+002, 9.8972980E+003,-3.3036704E+003,-5.2972475E+003,-1.3119853E+003,-5.4004756E-001, 0.0000000E+000, 0.0000000E+000, 4.2250689E+000,-1.6145246E+001, 5.9749181E+001, 2.2930294E-001,-3.8172526E-003
 3.0000000E+002, 1.0415275E+004,-3.4946841E+003,-5.4782455E+003,-1.3026327E+003,-5.3918441E-001, 0.0000000E+000, 0.0000000E+000, 1.2828509E+002, 1.3917368E+002, 5.9749448E+001, 2.2930294E-001,-4.0838825E-003
