,,s,s,s
Time Step,Wall Time,Step Size,Simulation Time,CPU Time
       1,2026-07-29T22:47:26.665+08:00, 0.357E+00,   0.35702, 0.22631E+01
       2,2026-07-29T22:47:26.680+08:00, 0.357E+00,   0.71404, 0.22776E+01
       3,2026-07-29T22:47:26.696+08:00, 0.357E+00,   1.07107, 0.22930E+01
       4,2026-07-29T22:47:26.710+08:00, 0.357E+00,   1.42809, 0.23071E+01
       5,2026-07-29T22:47:26.723+08:00, 0.357E+00,   1.78511, 0.23197E+01
       6,2026-07-29T22:47:26.743+08:00, 0.181E+00,   1.96596, 0.23395E+01
       7,2026-07-29T22:47:26.759+08:00, 0.173E+00,   2.13910, 0.23556E+01
       8,2026-07-29T22:47:26.777+08:00, 0.139E+00,   2.27770, 0.23733E+01
       9,2026-07-29T22:47:26.792+08:00, 0.139E+00,   2.41630, 0.23885E+01
      10,2026-07-29T22:47:26.808+08:00, 0.119E+00,   2.53489, 0.24040E+01
      20,2026-07-29T22:47:26.947+08:00, 0.582E-01,   3.32065, 0.25419E+01
      30,2026-07-29T22:47:27.083+08:00, 0.455E-01,   3.83315, 0.26764E+01
      40,2026-07-29T22:47:27.218+08:00, 0.455E-01,   4.28826, 0.28100E+01
      50,2026-07-29T22:47:27.370+08:00, 0.360E-01,   4.68568, 0.29597E+01
      60,2026-07-29T22:47:27.540+08:00, 0.269E-01,   5.00818, 0.31263E+01
      70,2026-07-29T22:47:27.692+08:00, 0.269E-01,   5.27709, 0.32772E+01
      80,2026-07-29T22:47:27.859+08:00, 0.216E-01,   5.52386, 0.34429E+01
      90,2026-07-29T22:47:28.009+08:00, 0.172E-01,   5.71684, 0.35910E+01
     100,2026-07-29T22:47:28.150+08:00, 0.172E-01,   5.88882, 0.37313E+01
     200,2026-07-29T22:47:29.528+08:00, 0.206E-01,   7.63415, 0.50963E+01
     300,2026-07-29T22:47:30.983+08:00, 0.134E-01,   9.56192, 0.65371E+01
     400,2026-07-29T22:47:32.402+08:00, 0.237E-01,  11.43691, 0.79419E+01
     500,2026-07-29T22:47:33.853+08:00, 0.155E-01,  13.07698, 0.93799E+01
     600,2026-07-29T22:47:35.263+08:00, 0.156E-01,  15.06763, 0.10776E+02
     700,2026-07-29T22:47:36.647+08:00, 0.203E-01,  16.59576, 0.12148E+02
     800,2026-07-29T22:47:38.077+08:00, 0.138E-01,  18.48573, 0.13563E+02
     900,2026-07-29T22:47:39.489+08:00, 0.223E-01,  20.23727, 0.14962E+02
    1000,2026-07-29T22:47:40.905+08:00, 0.141E-01,  21.77477, 0.16361E+02
    1100,2026-07-29T22:47:42.304+08:00, 0.179E-01,  23.57472, 0.17747E+02
    1200,2026-07-29T22:47:43.715+08:00, 0.173E-01,  25.19481, 0.19144E+02
    1300,2026-07-29T22:47:45.161+08:00, 0.147E-01,  27.02919, 0.20576E+02
    1400,2026-07-29T22:47:46.556+08:00, 0.216E-01,  28.72267, 0.21958E+02
    1500,2026-07-29T22:47:47.984+08:00, 0.147E-01,  30.34753, 0.23373E+02
    1600,2026-07-29T22:47:49.387+08:00, 0.174E-01,  32.08930, 0.24763E+02
    1700,2026-07-29T22:47:50.796+08:00, 0.186E-01,  33.68297, 0.26157E+02
    1800,2026-07-29T22:47:52.259+08:00, 0.148E-01,  35.46258, 0.27595E+02
    1900,2026-07-29T22:47:53.636+08:00, 0.197E-01,  37.05469, 0.28957E+02
    2000,2026-07-29T22:47:55.045+08:00, 0.139E-01,  38.81542, 0.30350E+02
    2100,2026-07-29T22:47:56.435+08:00, 0.184E-01,  40.44005, 0.31726E+02
    2200,2026-07-29T22:47:57.887+08:00, 0.161E-01,  42.10201, 0.33162E+02
    2300,2026-07-29T22:47:59.292+08:00, 0.187E-01,  43.92127, 0.34554E+02
    2400,2026-07-29T22:48:00.694+08:00, 0.162E-01,  45.52478, 0.35941E+02
    2500,2026-07-29T22:48:02.103+08:00, 0.171E-01,  47.32519, 0.37337E+02
    2600,2026-07-29T22:48:03.475+08:00, 0.165E-01,  48.82809, 0.38696E+02
    2700,2026-07-29T22:48:04.907+08:00, 0.145E-01,  50.39945, 0.40111E+02
    2800,2026-07-29T22:48:06.268+08:00, 0.204E-01,  51.95775, 0.41460E+02
    2900,2026-07-29T22:48:07.662+08:00, 0.137E-01,  53.75738, 0.42840E+02
    3000,2026-07-29T22:48:09.049+08:00, 0.200E-01,  55.43262, 0.44215E+02
    3100,2026-07-29T22:48:10.431+08:00, 0.152E-01,  57.05268, 0.45583E+02
    3200,2026-07-29T22:48:11.799+08:00, 0.202E-01,  58.78025, 0.46937E+02
    3300,2026-07-29T22:48:13.193+08:00, 0.141E-01,  60.41061, 0.48317E+02
    3400,2026-07-29T22:48:14.589+08:00, 0.167E-01,  62.15933, 0.49701E+02
    3500,2026-07-29T22:48:15.960+08:00, 0.179E-01,  63.65470, 0.51058E+02
    3600,2026-07-29T22:48:17.350+08:00, 0.155E-01,  65.49410, 0.52434E+02
    3700,2026-07-29T22:48:18.715+08:00, 0.188E-01,  67.10329, 0.53786E+02
    3800,2026-07-29T22:48:20.101+08:00, 0.146E-01,  68.93220, 0.55159E+02
    3900,2026-07-29T22:48:21.485+08:00, 0.209E-01,  70.51585, 0.56529E+02
    4000,2026-07-29T22:48:22.894+08:00, 0.145E-01,  72.28066, 0.57924E+02
    4100,2026-07-29T22:48:24.260+08:00, 0.193E-01,  73.93065, 0.59278E+02
    4200,2026-07-29T22:48:25.678+08:00, 0.157E-01,  75.61874, 0.60680E+02
    4300,2026-07-29T22:48:27.089+08:00, 0.160E-01,  77.46355, 0.62077E+02
    4400,2026-07-29T22:48:28.518+08:00, 0.155E-01,  78.88048, 0.63493E+02
    4500,2026-07-29T22:48:29.929+08:00, 0.161E-01,  80.67122, 0.64875E+02
    4600,2026-07-29T22:48:31.325+08:00, 0.172E-01,  82.12253, 0.66258E+02
    4700,2026-07-29T22:48:32.714+08:00, 0.146E-01,  83.96161, 0.67633E+02
    4800,2026-07-29T22:48:34.089+08:00, 0.170E-01,  85.40469, 0.68994E+02
    4900,2026-07-29T22:48:35.475+08:00, 0.160E-01,  87.05329, 0.70366E+02
    5000,2026-07-29T22:48:36.832+08:00, 0.194E-01,  88.69706, 0.71710E+02
    5100,2026-07-29T22:48:38.216+08:00, 0.155E-01,  90.37231, 0.73080E+02
    5200,2026-07-29T22:48:39.586+08:00, 0.184E-01,  92.20181, 0.74437E+02
    5300,2026-07-29T22:48:40.976+08:00, 0.131E-01,  93.75044, 0.75812E+02
    5400,2026-07-29T22:48:42.363+08:00, 0.192E-01,  95.48515, 0.77185E+02
    5500,2026-07-29T22:48:43.731+08:00, 0.161E-01,  97.10771, 0.78541E+02
    5600,2026-07-29T22:48:45.108+08:00, 0.175E-01,  98.91605, 0.79903E+02
    5700,2026-07-29T22:48:46.485+08:00, 0.188E-01, 100.51306, 0.81265E+02
    5800,2026-07-29T22:48:47.854+08:00, 0.164E-01, 102.28347, 0.82621E+02
    5900,2026-07-29T22:48:49.213+08:00, 0.196E-01, 103.92763, 0.83967E+02
    6000,2026-07-29T22:48:50.602+08:00, 0.154E-01, 105.67701, 0.85341E+02
    6100,2026-07-29T22:48:52.011+08:00, 0.205E-01, 107.42015, 0.86738E+02
    6200,2026-07-29T22:48:53.406+08:00, 0.122E-01, 109.06103, 0.88119E+02
    6300,2026-07-29T22:48:54.768+08:00, 0.196E-01, 110.68348, 0.89468E+02
    6400,2026-07-29T22:48:56.153+08:00, 0.138E-01, 112.19877, 0.90839E+02
    6500,2026-07-29T22:48:57.559+08:00, 0.179E-01, 113.92960, 0.92232E+02
    6600,2026-07-29T22:48:58.968+08:00, 0.137E-01, 115.39447, 0.93627E+02
    6700,2026-07-29T22:49:00.334+08:00, 0.198E-01, 117.14077, 0.94979E+02
    6800,2026-07-29T22:49:01.715+08:00, 0.158E-01, 118.78829, 0.96347E+02
    6900,2026-07-29T22:49:03.096+08:00, 0.186E-01, 120.68617, 0.97713E+02
    7000,2026-07-29T22:49:04.459+08:00, 0.172E-01, 122.24392, 0.99063E+02
    7100,2026-07-29T22:49:05.828+08:00, 0.170E-01, 124.05241, 0.10042E+03
    7200,2026-07-29T22:49:07.194+08:00, 0.201E-01, 125.69311, 0.10177E+03
    7300,2026-07-29T22:49:08.573+08:00, 0.144E-01, 127.40750, 0.10313E+03
    7400,2026-07-29T22:49:09.937+08:00, 0.174E-01, 128.94625, 0.10449E+03
    7500,2026-07-29T22:49:11.332+08:00, 0.149E-01, 130.68760, 0.10587E+03
    7600,2026-07-29T22:49:12.701+08:00, 0.199E-01, 132.39562, 0.10722E+03
    7700,2026-07-29T22:49:14.091+08:00, 0.126E-01, 133.93202, 0.10860E+03
    7800,2026-07-29T22:49:15.465+08:00, 0.182E-01, 135.55482, 0.10996E+03
    7900,2026-07-29T22:49:16.865+08:00, 0.159E-01, 137.16190, 0.11134E+03
    8000,2026-07-29T22:49:18.253+08:00, 0.187E-01, 139.10229, 0.11272E+03
    8100,2026-07-29T22:49:19.678+08:00, 0.181E-01, 140.59435, 0.11413E+03
    8200,2026-07-29T22:49:21.085+08:00, 0.138E-01, 142.35777, 0.11552E+03
    8300,2026-07-29T22:49:22.465+08:00, 0.184E-01, 143.86503, 0.11688E+03
    8400,2026-07-29T22:49:23.867+08:00, 0.161E-01, 145.68360, 0.11827E+03
    8500,2026-07-29T22:49:25.249+08:00, 0.191E-01, 147.36103, 0.11964E+03
    8600,2026-07-29T22:49:26.633+08:00, 0.146E-01, 149.02686, 0.12101E+03
    8700,2026-07-29T22:49:28.078+08:00, 0.213E-01, 150.77166, 0.12244E+03
    8800,2026-07-29T22:49:29.482+08:00, 0.133E-01, 152.24865, 0.12383E+03
    8900,2026-07-29T22:49:30.874+08:00, 0.175E-01, 153.99832, 0.12521E+03
    9000,2026-07-29T22:49:32.267+08:00, 0.156E-01, 155.56138, 0.12659E+03
    9100,2026-07-29T22:49:33.655+08:00, 0.147E-01, 157.39406, 0.12796E+03
    9200,2026-07-29T22:49:35.025+08:00, 0.196E-01, 158.97110, 0.12932E+03
    9300,2026-07-29T22:49:36.421+08:00, 0.153E-01, 160.79212, 0.13070E+03
    9400,2026-07-29T22:49:37.792+08:00, 0.189E-01, 162.31766, 0.13206E+03
    9500,2026-07-29T22:49:39.186+08:00, 0.133E-01, 164.01676, 0.13344E+03
    9600,2026-07-29T22:49:40.569+08:00, 0.194E-01, 165.61073, 0.13480E+03
    9700,2026-07-29T22:49:41.952+08:00, 0.152E-01, 167.29002, 0.13617E+03
    9800,2026-07-29T22:49:43.334+08:00, 0.181E-01, 169.04918, 0.13754E+03
    9900,2026-07-29T22:49:44.726+08:00, 0.142E-01, 170.56432, 0.13892E+03
   10000,2026-07-29T22:49:46.107+08:00, 0.162E-01, 172.38291, 0.14028E+03
   10100,2026-07-29T22:49:47.469+08:00, 0.157E-01, 173.88999, 0.14163E+03
   10200,2026-07-29T22:49:48.857+08:00, 0.162E-01, 175.67043, 0.14300E+03
   10300,2026-07-29T22:49:50.230+08:00, 0.189E-01, 177.22847, 0.14436E+03
   10400,2026-07-29T22:49:51.611+08:00, 0.147E-01, 178.97347, 0.14573E+03
   10500,2026-07-29T22:49:53.003+08:00, 0.215E-01, 180.56495, 0.14711E+03
   10600,2026-07-29T22:49:54.406+08:00, 0.132E-01, 182.29438, 0.14850E+03
   10700,2026-07-29T22:49:55.806+08:00, 0.193E-01, 183.90370, 0.14988E+03
   10800,2026-07-29T22:49:57.259+08:00, 0.150E-01, 185.54425, 0.15132E+03
   10900,2026-07-29T22:49:58.700+08:00, 0.171E-01, 187.42381, 0.15275E+03
   11000,2026-07-29T22:50:00.080+08:00, 0.165E-01, 188.91644, 0.15411E+03
   11100,2026-07-29T22:50:01.482+08:00, 0.140E-01, 190.72294, 0.15550E+03
   11200,2026-07-29T22:50:02.848+08:00, 0.186E-01, 192.26713, 0.15685E+03
   11300,2026-07-29T22:50:04.244+08:00, 0.143E-01, 194.03559, 0.15824E+03
   11400,2026-07-29T22:50:05.636+08:00, 0.209E-01, 195.71134, 0.15961E+03
   11500,2026-07-29T22:50:07.025+08:00, 0.143E-01, 197.34142, 0.16099E+03
   11600,2026-07-29T22:50:08.411+08:00, 0.191E-01, 199.04216, 0.16236E+03
   11700,2026-07-29T22:50:09.809+08:00, 0.149E-01, 200.47782, 0.16374E+03
   11800,2026-07-29T22:50:11.197+08:00, 0.172E-01, 202.19691, 0.16512E+03
   11900,2026-07-29T22:50:12.579+08:00, 0.182E-01, 203.71075, 0.16648E+03
   12000,2026-07-29T22:50:13.980+08:00, 0.160E-01, 205.60968, 0.16787E+03
   12100,2026-07-29T22:50:15.358+08:00, 0.173E-01, 207.12120, 0.16923E+03
   12200,2026-07-29T22:50:16.741+08:00, 0.146E-01, 208.82792, 0.17060E+03
   12300,2026-07-29T22:50:18.108+08:00, 0.171E-01, 210.44860, 0.17196E+03
   12400,2026-07-29T22:50:19.473+08:00, 0.153E-01, 212.07842, 0.17331E+03
   12500,2026-07-29T22:50:20.838+08:00, 0.176E-01, 213.88143, 0.17466E+03
   12600,2026-07-29T22:50:22.229+08:00, 0.141E-01, 215.43391, 0.17604E+03
   12700,2026-07-29T22:50:23.590+08:00, 0.187E-01, 217.10116, 0.17738E+03
   12800,2026-07-29T22:50:24.957+08:00, 0.142E-01, 218.73051, 0.17874E+03
   12900,2026-07-29T22:50:26.341+08:00, 0.169E-01, 220.47227, 0.18011E+03
   13000,2026-07-29T22:50:27.752+08:00, 0.162E-01, 222.02278, 0.18150E+03
   13100,2026-07-29T22:50:29.138+08:00, 0.157E-01, 223.71686, 0.18288E+03
   13200,2026-07-29T22:50:30.511+08:00, 0.187E-01, 225.26423, 0.18423E+03
   13300,2026-07-29T22:50:31.899+08:00, 0.143E-01, 227.01535, 0.18561E+03
   13400,2026-07-29T22:50:33.267+08:00, 0.190E-01, 228.55505, 0.18696E+03
   13500,2026-07-29T22:50:34.664+08:00, 0.147E-01, 230.31324, 0.18834E+03
   13600,2026-07-29T22:50:36.020+08:00, 0.178E-01, 231.96737, 0.18969E+03
   13700,2026-07-29T22:50:37.397+08:00, 0.138E-01, 233.57266, 0.19105E+03
   13800,2026-07-29T22:50:38.756+08:00, 0.184E-01, 235.17394, 0.19240E+03
   13900,2026-07-29T22:50:40.114+08:00, 0.164E-01, 236.88170, 0.19374E+03
   14000,2026-07-29T22:50:41.491+08:00, 0.183E-01, 238.66324, 0.19510E+03
   14100,2026-07-29T22:50:42.900+08:00, 0.156E-01, 240.21100, 0.19649E+03
   14200,2026-07-29T22:50:44.277+08:00, 0.163E-01, 242.02594, 0.19785E+03
   14300,2026-07-29T22:50:45.651+08:00, 0.173E-01, 243.52369, 0.19921E+03
   14400,2026-07-29T22:50:47.050+08:00, 0.158E-01, 245.43415, 0.20060E+03
   14500,2026-07-29T22:50:48.425+08:00, 0.185E-01, 246.92203, 0.20196E+03
   14600,2026-07-29T22:50:49.820+08:00, 0.130E-01, 248.70663, 0.20334E+03
   14700,2026-07-29T22:50:51.204+08:00, 0.190E-01, 250.17937, 0.20471E+03
   14800,2026-07-29T22:50:52.612+08:00, 0.148E-01, 251.94358, 0.20611E+03
   14900,2026-07-29T22:50:53.984+08:00, 0.197E-01, 253.58772, 0.20747E+03
   15000,2026-07-29T22:50:55.399+08:00, 0.137E-01, 255.19935, 0.20887E+03
   15100,2026-07-29T22:50:56.772+08:00, 0.183E-01, 256.81191, 0.21023E+03
   15200,2026-07-29T22:50:58.203+08:00, 0.146E-01, 258.32390, 0.21164E+03
   15300,2026-07-29T22:50:59.587+08:00, 0.174E-01, 260.05229, 0.21301E+03
   15400,2026-07-29T22:51:00.966+08:00, 0.166E-01, 261.59546, 0.21438E+03
   15500,2026-07-29T22:51:02.340+08:00, 0.160E-01, 263.39776, 0.21574E+03
   15600,2026-07-29T22:51:03.717+08:00, 0.190E-01, 264.99136, 0.21710E+03
   15700,2026-07-29T22:51:05.112+08:00, 0.146E-01, 266.80028, 0.21848E+03
   15800,2026-07-29T22:51:06.478+08:00, 0.194E-01, 268.43981, 0.21983E+03
   15900,2026-07-29T22:51:07.874+08:00, 0.137E-01, 270.19489, 0.22122E+03
   16000,2026-07-29T22:51:09.251+08:00, 0.199E-01, 271.75064, 0.22258E+03
   16100,2026-07-29T22:51:10.658+08:00, 0.138E-01, 273.39938, 0.22397E+03
   16200,2026-07-29T22:51:12.047+08:00, 0.202E-01, 275.08237, 0.22535E+03
   16300,2026-07-29T22:51:13.426+08:00, 0.142E-01, 276.66749, 0.22671E+03
   16400,2026-07-29T22:51:14.787+08:00, 0.189E-01, 278.28794, 0.22806E+03
   16500,2026-07-29T22:51:16.173+08:00, 0.146E-01, 279.80389, 0.22943E+03
   16600,2026-07-29T22:51:17.545+08:00, 0.177E-01, 281.40841, 0.23079E+03
   16700,2026-07-29T22:51:18.903+08:00, 0.159E-01, 283.00959, 0.23213E+03
   16800,2026-07-29T22:51:20.274+08:00, 0.167E-01, 284.70976, 0.23349E+03
   16900,2026-07-29T22:51:21.639+08:00, 0.181E-01, 286.33599, 0.23484E+03
   17000,2026-07-29T22:51:23.012+08:00, 0.158E-01, 288.03499, 0.23620E+03
   17100,2026-07-29T22:51:24.357+08:00, 0.174E-01, 289.66690, 0.23753E+03
   17200,2026-07-29T22:51:25.734+08:00, 0.135E-01, 291.36699, 0.23889E+03
   17300,2026-07-29T22:51:27.093+08:00, 0.164E-01, 292.81553, 0.24024E+03
   17400,2026-07-29T22:51:28.501+08:00, 0.146E-01, 294.39570, 0.24163E+03
   17500,2026-07-29T22:51:29.844+08:00, 0.172E-01, 295.84498, 0.24296E+03
   17600,2026-07-29T22:51:31.207+08:00, 0.147E-01, 297.58681, 0.24431E+03
   17700,2026-07-29T22:51:32.559+08:00, 0.178E-01, 299.14652, 0.24565E+03
   17746,2026-07-29T22:51:33.190+08:00, 0.155E-02, 300.00000, 0.24627E+03
