relative_path,sha256,bytes,row_count
derived/development/g5_outer_run_predictions.csv,a2ab27f16e72889ce5e46d775a126e58ff664c2ae4e41be912242059998f019e,26646,162
derived/development/g5_outer_point_predictions.csv,210dd0c5048810bcf8479c20f236db6781e959e9b003dca70d5e5301eec7e84e,1234577,5826
derived/development/g5_outer_parameters.csv,cc41a3bb016d8a793107857f1ded9d6d92b01138a8ea36e67fcd04218a108b54,5043,45
derived/development/g5_shape_outer_metrics.csv,2a3dfbbd244a9e2746d479cea26c11154bd13a1eae265b7edcbe44944c15418d,4371,27
derived/development/g5_candidate_summary.csv,d9d835d574a65a1dce8926524940fe496ccf4883a9094c8967bb613d084d956c,1140,6
derived/development/g5_shape_summary.csv,805b60ce2a4b3af811b208cb14870653681993ba5b83e439ce2a255372045fc1,329,3
derived/development/g5_peak_model_evidence.csv,7c252327d76db11a9fa4dfb0ba668c593840674fe47f777d6ef73a6daa3066de,322,1
derived/development/g5_systematic_residuals.csv,0633641a4ed4090744a8d8e9835ad4cd7771e1d6758adf766c77548b3da9861d,523,4
derived/development/g5_final_parameters.csv,fac4b4f506fcbfa2579d35452c621e6b68bf3ff02d71c54ab2c3da2c52025e1c,461,3
