time,Tmax_C,T_representative_C,L_back_m,hrr_osc_rel,Tmax_slope_C_per_s,Trep_slope_C_per_s,Lback_slope_m_per_s,enthalpy_rel_drift,enthalpy_flux_criterion,steady_flag
0.0,NaN,NaN,NaN,NaN,NaN,NaN,NaN,NaN,CHECKED_FIELD_PROFILE,0
1.0710652,NaN,NaN,NaN,NaN,NaN,NaN,NaN,NaN,CHECKED_FIELD_PROFILE,0
2.048522,NaN,NaN,NaN,NaN,NaN,NaN,NaN,NaN,CHECKED_FIELD_PROFILE,0
3.0235664,NaN,NaN,NaN,NaN,NaN,NaN,NaN,NaN,CHECKED_FIELD_PROFILE,0
4.0179213,NaN,NaN,NaN,NaN,NaN,NaN,NaN,NaN,CHECKED_FIELD_PROFILE,0
5.0045632,NaN,NaN,NaN,NaN,NaN,NaN,NaN,NaN,CHECKED_FIELD_PROFILE,0
6.0023594,NaN,NaN,NaN,NaN,NaN,NaN,NaN,NaN,CHECKED_FIELD_PROFILE,0
7.0064917,NaN,NaN,NaN,NaN,NaN,NaN,NaN,NaN,CHECKED_FIELD_PROFILE,0
8.0073458,NaN,NaN,NaN,NaN,NaN,NaN,NaN,NaN,CHECKED_FIELD_PROFILE,0
9.0005751,NaN,NaN,NaN,NaN,NaN,NaN,NaN,NaN,CHECKED_FIELD_PROFILE,0
10.000277,NaN,NaN,NaN,NaN,NaN,NaN,NaN,NaN,CHECKED_FIELD_PROFILE,0
11.005996,NaN,NaN,NaN,NaN,NaN,NaN,NaN,NaN,CHECKED_FIELD_PROFILE,0
12.012091,127.27112,44.01663,11.403037,NaN,NaN,NaN,NaN,NaN,CHECKED_FIELD_PROFILE,0
13.004327,131.249355,44.612349,11.821511,NaN,NaN,NaN,NaN,NaN,CHECKED_FIELD_PROFILE,0
14.007151,136.896988,45.55916,11.836434,NaN,NaN,NaN,NaN,NaN,CHECKED_FIELD_PROFILE,0
15.002864,145.526162,47.767189,11.824927,NaN,NaN,NaN,NaN,NaN,CHECKED_FIELD_PROFILE,0
16.007495,144.217203,48.494964,12.006885,NaN,NaN,NaN,NaN,NaN,CHECKED_FIELD_PROFILE,0
17.002405,152.973015,50.779455,12.366897,NaN,NaN,NaN,NaN,NaN,CHECKED_FIELD_PROFILE,0
18.00312,163.413395,54.27614,12.685208,NaN,NaN,NaN,NaN,NaN,CHECKED_FIELD_PROFILE,0
19.009273,174.348969,57.21755,13.075066,NaN,NaN,NaN,NaN,NaN,CHECKED_FIELD_PROFILE,0
20.005906,191.683229,60.833847,13.502658,NaN,NaN,NaN,NaN,NaN,CHECKED_FIELD_PROFILE,0
21.002008,192.346208,61.929769,13.782032,NaN,NaN,NaN,NaN,NaN,CHECKED_FIELD_PROFILE,0
22.003751,197.115042,63.423352,14.111972,NaN,NaN,NaN,NaN,NaN,CHECKED_FIELD_PROFILE,0
23.00965,201.073087,66.184438,17.147607,NaN,NaN,NaN,NaN,NaN,CHECKED_FIELD_PROFILE,0
24.001235,207.888479,66.55369,17.582533,NaN,NaN,NaN,NaN,NaN,CHECKED_FIELD_PROFILE,0
25.006208,212.802609,67.624423,18.456294,NaN,NaN,NaN,NaN,NaN,CHECKED_FIELD_PROFILE,0
26.003483,215.820191,69.808259,18.876484,NaN,NaN,NaN,NaN,NaN,CHECKED_FIELD_PROFILE,0
27.007496,215.910053,72.470791,19.913282,NaN,NaN,NaN,NaN,NaN,CHECKED_FIELD_PROFILE,0
28.001986,212.447679,75.157658,21.027175,NaN,NaN,NaN,NaN,NaN,CHECKED_FIELD_PROFILE,0
29.008513,214.416275,78.931631,22.219098,NaN,NaN,NaN,NaN,NaN,CHECKED_FIELD_PROFILE,0
30.007208,215.454002,81.903849,23.033661,NaN,NaN,NaN,NaN,NaN,CHECKED_FIELD_PROFILE,0
31.000826,214.632871,82.327627,23.506527,NaN,NaN,NaN,NaN,NaN,CHECKED_FIELD_PROFILE,0
32.004397,219.378047,85.892287,24.403666,NaN,NaN,NaN,NaN,NaN,CHECKED_FIELD_PROFILE,0
33.001109,219.363145,86.152407,24.831432,NaN,NaN,NaN,NaN,NaN,CHECKED_FIELD_PROFILE,0
34.004876,218.427935,87.24477,25.880719,NaN,NaN,NaN,NaN,NaN,CHECKED_FIELD_PROFILE,0
35.009599,221.766646,89.733994,27.250869,NaN,NaN,NaN,NaN,NaN,CHECKED_FIELD_PROFILE,0
36.001528,224.923882,90.115165,27.72216,NaN,NaN,NaN,NaN,NaN,CHECKED_FIELD_PROFILE,0
37.012829,217.137363,91.811484,28.945065,NaN,NaN,NaN,NaN,NaN,CHECKED_FIELD_PROFILE,0
38.004784,215.027359,92.068405,29.54768,NaN,NaN,NaN,NaN,NaN,CHECKED_FIELD_PROFILE,0
39.001141,215.072604,92.993529,30.355365,NaN,NaN,NaN,NaN,NaN,CHECKED_FIELD_PROFILE,0
40.010478,210.450948,94.218977,31.32473,NaN,NaN,NaN,NaN,NaN,CHECKED_FIELD_PROFILE,0
41.005808,206.603851,94.49321,31.972969,NaN,NaN,NaN,NaN,NaN,CHECKED_FIELD_PROFILE,0
42.009764,204.308143,94.803216,32.609276,NaN,NaN,NaN,NaN,NaN,CHECKED_FIELD_PROFILE,0
43.005636,211.556549,95.005834,33.174329,NaN,NaN,NaN,NaN,NaN,CHECKED_FIELD_PROFILE,0
44.011709,211.382987,94.967717,33.790276,NaN,NaN,NaN,NaN,NaN,CHECKED_FIELD_PROFILE,0
45.010167,207.922037,94.689016,34.366755,NaN,NaN,NaN,NaN,NaN,CHECKED_FIELD_PROFILE,0
46.007537,205.687477,95.344558,34.909701,NaN,NaN,NaN,NaN,NaN,CHECKED_FIELD_PROFILE,0
47.006674,208.153959,96.65192,35.717934,NaN,NaN,NaN,NaN,NaN,CHECKED_FIELD_PROFILE,0
48.000609,207.767429,97.880426,36.183018,NaN,NaN,NaN,NaN,NaN,CHECKED_FIELD_PROFILE,0
49.013295,203.432251,100.039228,37.341767,NaN,NaN,NaN,NaN,NaN,CHECKED_FIELD_PROFILE,0
50.008783,201.060385,101.258713,37.807047,NaN,NaN,NaN,NaN,NaN,CHECKED_FIELD_PROFILE,0
51.005401,195.805918,104.071367,38.741987,NaN,NaN,NaN,NaN,NaN,CHECKED_FIELD_PROFILE,0
52.005371,197.180205,105.501773,39.115783,NaN,NaN,NaN,NaN,NaN,CHECKED_FIELD_PROFILE,0
53.010904,199.543403,107.36598,40.0,NaN,NaN,NaN,NaN,NaN,CHECKED_FIELD_PROFILE,0
54.004389,198.642307,109.44163,40.0,NaN,NaN,NaN,NaN,NaN,CHECKED_FIELD_PROFILE,0
55.007916,200.412341,110.667383,40.0,NaN,NaN,NaN,NaN,NaN,CHECKED_FIELD_PROFILE,0
56.001871,199.564427,112.800684,40.0,NaN,NaN,NaN,NaN,NaN,CHECKED_FIELD_PROFILE,0
57.004081,197.136883,114.295422,40.0,NaN,NaN,NaN,NaN,NaN,CHECKED_FIELD_PROFILE,0
58.0056,198.840522,115.985994,40.0,NaN,NaN,NaN,NaN,NaN,CHECKED_FIELD_PROFILE,0
59.00302,200.48113,117.836475,40.0,NaN,NaN,NaN,NaN,NaN,CHECKED_FIELD_PROFILE,0
60.009437,199.459694,119.646743,40.0,NaN,NaN,NaN,NaN,NaN,CHECKED_FIELD_PROFILE,0
61.002106,202.114608,121.751986,40.0,NaN,NaN,NaN,NaN,NaN,CHECKED_FIELD_PROFILE,0
62.00944,202.814283,124.475872,42.5,NaN,NaN,NaN,NaN,NaN,CHECKED_FIELD_PROFILE,0
63.009608,201.085956,125.671249,42.5,NaN,NaN,NaN,NaN,NaN,CHECKED_FIELD_PROFILE,0
64.003162,201.280513,126.351157,42.5,NaN,NaN,NaN,NaN,NaN,CHECKED_FIELD_PROFILE,0
65.009197,202.970131,127.856863,40.0,NaN,NaN,NaN,NaN,NaN,CHECKED_FIELD_PROFILE,0
66.002773,202.358541,127.963521,40.0,NaN,NaN,NaN,NaN,NaN,CHECKED_FIELD_PROFILE,0
67.010646,202.282997,128.169383,42.5,NaN,NaN,NaN,NaN,NaN,CHECKED_FIELD_PROFILE,0
68.009052,202.122308,128.066739,42.5,NaN,NaN,NaN,NaN,NaN,CHECKED_FIELD_PROFILE,0
69.009978,204.158915,128.475127,42.5,NaN,NaN,NaN,NaN,NaN,CHECKED_FIELD_PROFILE,0
70.004551,206.785361,128.710876,42.5,NaN,NaN,NaN,NaN,NaN,CHECKED_FIELD_PROFILE,0
71.003604,206.905605,128.738463,42.5,NaN,NaN,NaN,NaN,NaN,CHECKED_FIELD_PROFILE,0
72.008668,207.751558,128.780187,42.5,0.270353,0.553232,1.44348,0.604258,NaN,CHECKED_FIELD_PROFILE,0
73.007029,206.715365,129.701913,42.5,0.268482,0.539051,1.4315,0.59497,NaN,CHECKED_FIELD_PROFILE,0
74.002905,204.451947,130.104928,40.0,0.266577,0.522014,1.419106,0.581939,NaN,CHECKED_FIELD_PROFILE,0
75.009896,201.795547,131.396687,42.5,0.26471,0.501931,1.407637,0.572849,1.548613,CHECKED_FIELD_PROFILE,0
76.005953,200.619561,131.782406,42.5,0.262909,0.481305,1.395775,0.563777,1.548613,CHECKED_FIELD_PROFILE,0
77.007673,200.142451,131.657807,42.5,0.261219,0.461195,1.382892,0.554738,1.548613,CHECKED_FIELD_PROFILE,0
78.005174,199.439464,132.026723,42.5,0.259611,0.441303,1.369799,0.545756,1.548613,CHECKED_FIELD_PROFILE,0
79.003996,201.551704,132.048975,40.0,0.257856,0.425252,1.356107,0.53365,1.548613,CHECKED_FIELD_PROFILE,0
80.001595,200.123652,132.158308,40.0,0.256204,0.408258,1.342028,0.521907,1.347424,CHECKED_FIELD_PROFILE,0
81.00927,200.266175,132.538826,40.0,0.254651,0.392351,1.327945,0.510504,1.347424,CHECKED_FIELD_PROFILE,0
82.008622,202.363736,132.654729,40.0,0.253,0.379753,1.313598,0.49944,1.347424,CHECKED_FIELD_PROFILE,0
83.006463,204.380943,133.193542,40.0,0.251378,0.370047,1.299534,0.488704,1.347424,CHECKED_FIELD_PROFILE,0
84.007448,201.568714,133.96882,42.5,0.24995,0.357582,1.28601,0.48106,1.347424,CHECKED_FIELD_PROFILE,0
85.005289,197.29295,134.508254,40.0,0.248558,0.341094,1.27275,0.470798,1.218739,CHECKED_FIELD_PROFILE,0
86.000262,198.542421,134.459806,40.0,0.247025,0.326849,1.259141,0.460843,1.218739,CHECKED_FIELD_PROFILE,0
87.006003,198.669041,134.213986,40.0,0.245539,0.313491,1.245026,0.451177,1.218739,CHECKED_FIELD_PROFILE,0
88.004825,199.031389,134.541532,40.0,0.244083,0.301196,1.231068,0.441795,1.218739,CHECKED_FIELD_PROFILE,0
89.008247,202.065749,134.482062,42.5,0.242733,0.292482,1.216894,0.435119,1.218739,CHECKED_FIELD_PROFILE,0
90.005771,202.866713,133.98189,40.0,0.21563,0.284898,1.202144,0.426152,0.937099,CHECKED_FIELD_PROFILE,0
91.002164,203.299676,133.806904,42.5,0.214417,0.278007,1.187202,0.419763,0.937099,CHECKED_FIELD_PROFILE,0
92.007367,204.922278,134.139977,42.5,0.18713,0.272826,1.172562,0.413453,0.937099,CHECKED_FIELD_PROFILE,0
93.001496,206.186869,134.744018,42.5,0.162818,0.268892,1.158473,0.407233,0.937099,CHECKED_FIELD_PROFILE,0
94.00959,210.252681,135.559621,42.5,0.140791,0.268501,1.145073,0.401097,0.937099,CHECKED_FIELD_PROFILE,0
95.005538,210.191893,135.971433,42.5,0.10485,0.267861,1.131997,0.395054,0.715683,CHECKED_FIELD_PROFILE,0
96.008621,210.082268,136.194624,42.5,0.089752,0.266954,1.119072,0.389102,0.644645,CHECKED_FIELD_PROFILE,0
97.002119,210.395007,136.571947,42.5,0.089345,0.266148,1.106442,0.383247,0.644645,CHECKED_FIELD_PROFILE,0
98.001657,209.781625,136.759566,42.5,0.076365,0.264707,1.093943,0.377486,0.644645,CHECKED_FIELD_PROFILE,0
99.009972,208.971407,137.008324,40.0,0.058593,0.262536,1.08162,0.369901,0.644645,CHECKED_FIELD_PROFILE,0
100.00668,211.033021,137.515552,40.0,0.051293,0.261857,1.069683,0.36254,0.383823,CHECKED_FIELD_PROFILE,0
101.00267,209.913261,137.744311,40.0,0.051013,0.260211,1.057912,0.355395,0.383823,CHECKED_FIELD_PROFILE,0
102.01082,214.276833,138.006616,40.0,0.043334,0.26161,1.046322,0.348453,0.383823,CHECKED_FIELD_PROFILE,0
103.00098,210.886482,137.919584,40.0,0.040012,0.215217,1.023229,0.336803,0.383823,CHECKED_FIELD_PROFILE,0
104.00801,209.476316,137.858187,40.0,0.034612,0.126023,0.985599,0.319198,0.383823,CHECKED_FIELD_PROFILE,0
105.01087,209.022213,137.97934,42.5,0.032233,0.087171,0.960747,0.308137,0.252741,CHECKED_FIELD_PROFILE,0
106.00603,208.531499,138.058494,42.5,0.032053,0.087686,0.949423,0.303609,0.245691,CHECKED_FIELD_PROFILE,0
107.00803,208.132603,138.383095,40.0,0.030364,0.009908,0.909759,0.283215,0.245691,CHECKED_FIELD_PROFILE,0
108.00428,208.460875,138.792021,40.0,0.029732,0.018968,0.885982,0.269507,0.245691,CHECKED_FIELD_PROFILE,0
109.01011,210.607909,138.304197,40.0,0.028111,0.038817,0.862651,0.255639,0.245691,CHECKED_FIELD_PROFILE,0
110.01019,211.323365,138.04557,40.0,0.028273,0.045756,0.840507,0.241648,0.156629,CHECKED_FIELD_PROFILE,0
111.01026,212.201363,137.732178,40.0,0.028178,0.05188,0.817685,0.22743,0.156629,CHECKED_FIELD_PROFILE,0
112.00578,213.666421,137.546035,42.5,0.027286,0.053685,0.7946,0.21486,0.156629,CHECKED_FIELD_PROFILE,0
113.0014,213.47463,137.86877,42.5,0.027181,0.047081,0.784024,0.211835,0.156629,CHECKED_FIELD_PROFILE,0
114.00619,210.992941,137.928189,42.5,0.027176,0.049109,0.749741,0.193243,0.156629,CHECKED_FIELD_PROFILE,0
115.00438,213.760051,137.682921,42.5,0.027068,0.042572,0.739352,0.190522,0.16514,CHECKED_FIELD_PROFILE,0
116.0097,216.600147,137.642041,42.5,0.026031,0.025809,0.703364,0.171941,0.216641,CHECKED_FIELD_PROFILE,0
117.01006,216.726642,137.582478,42.5,0.026045,0.011849,0.681233,0.161636,0.216641,CHECKED_FIELD_PROFILE,0
118.01161,214.608522,138.28091,42.5,0.025979,0.002048,0.660554,0.151794,0.216641,CHECKED_FIELD_PROFILE,0
119.0005,213.731239,138.326219,42.5,0.02584,0.002896,0.651418,0.149694,0.216641,CHECKED_FIELD_PROFILE,0
120.00656,213.026062,138.50371,40.0,0.025796,0.012647,0.632832,0.138742,0.216641,CHECKED_FIELD_PROFILE,0
121.00038,213.405026,139.265467,42.5,0.0257,0.023452,0.616024,0.129896,0.191486,CHECKED_FIELD_PROFILE,0
122.0063,213.474402,139.716936,42.5,0.025548,0.044187,0.591231,0.114093,0.191486,CHECKED_FIELD_PROFILE,0
123.0001,212.184161,139.497578,42.5,0.025596,0.046596,0.583388,0.112631,0.191486,CHECKED_FIELD_PROFILE,0
124.01207,211.56067,139.089449,42.5,0.025255,0.069826,0.558231,0.09745,0.191486,CHECKED_FIELD_PROFILE,0
125.00867,211.974436,139.219652,42.5,0.025125,0.071361,0.550423,0.096255,0.198539,CHECKED_FIELD_PROFILE,0
126.00583,214.066211,139.465543,42.5,0.025045,0.104317,0.526733,0.082908,0.191869,CHECKED_FIELD_PROFILE,0
127.00484,213.730183,139.837251,42.5,0.025126,0.10615,0.51961,0.08195,0.191869,CHECKED_FIELD_PROFILE,0
128.00331,213.984268,140.108249,42.5,0.025021,0.119296,0.504726,0.075509,0.191869,CHECKED_FIELD_PROFILE,0
129.00978,219.352306,140.416886,42.5,0.025107,0.145749,0.480486,0.064117,0.191869,CHECKED_FIELD_PROFILE,0
130.00901,221.304983,140.781241,42.5,0.02498,0.151661,0.474403,0.063463,0.205003,CHECKED_FIELD_PROFILE,0
131.0093,219.55838,140.910443,42.5,0.024383,0.169244,0.449897,0.053617,0.274621,CHECKED_FIELD_PROFILE,0
132.00068,220.135277,141.439811,42.5,0.024293,0.173362,0.444547,0.053133,0.274621,CHECKED_FIELD_PROFILE,0
133.00047,220.042564,141.762017,42.5,0.024101,0.180974,0.429249,0.048416,0.274621,CHECKED_FIELD_PROFILE,0
134.00025,219.804336,141.5122,42.5,0.023856,0.193476,0.413173,0.043955,0.274621,CHECKED_FIELD_PROFILE,0
135.00718,224.74516,142.101881,42.5,0.023584,0.209258,0.396748,0.039796,0.274621,CHECKED_FIELD_PROFILE,0
136.00879,224.296679,142.467222,42.5,0.023855,0.22815,0.36598,0.032456,0.236924,CHECKED_FIELD_PROFILE,0
137.01186,222.661457,142.403976,42.5,0.023855,0.239826,0.348539,0.029271,0.236924,CHECKED_FIELD_PROFILE,0
138.00671,224.072518,142.62942,42.5,0.023678,0.252011,0.331431,0.026322,0.236924,CHECKED_FIELD_PROFILE,0
139.00477,222.841136,142.551499,42.5,0.023591,0.254581,0.328151,0.026276,0.236924,CHECKED_FIELD_PROFILE,0
140.00593,224.707034,143.151474,42.5,0.023585,0.263273,0.31249,0.024121,0.236924,CHECKED_FIELD_PROFILE,0
141.00959,221.859867,143.667917,42.5,0.023355,0.267431,0.285683,0.020918,0.206264,CHECKED_FIELD_PROFILE,0
142.00051,224.461322,143.630342,42.5,0.023229,0.27011,0.283681,0.02094,0.206264,CHECKED_FIELD_PROFILE,0
143.00857,221.458946,144.131995,42.5,0.022057,0.270769,0.270732,0.019868,0.206264,CHECKED_FIELD_PROFILE,0
144.00487,220.798673,144.262181,42.5,0.021831,0.273546,0.248673,0.01885,0.206264,CHECKED_FIELD_PROFILE,0
145.00002,220.816563,144.437219,42.5,0.022213,0.272846,0.247582,0.018873,0.204999,CHECKED_FIELD_PROFILE,0
146.0059,219.037396,144.824847,42.5,0.022219,0.274687,0.228423,0.017698,0.27619,CHECKED_FIELD_PROFILE,0
147.00581,219.499901,144.29243,42.5,0.022286,0.27232,0.219163,0.01706,0.27619,CHECKED_FIELD_PROFILE,0
148.00572,221.047803,144.520964,42.5,0.021946,0.271994,0.210843,0.016381,0.27619,CHECKED_FIELD_PROFILE,0
149.00432,222.539445,145.192274,42.5,0.02128,0.273625,0.203931,0.015661,0.27619,CHECKED_FIELD_PROFILE,0
150.01004,222.3011,145.268152,42.5,0.021171,0.273951,0.197979,0.014899,0.243636,CHECKED_FIELD_PROFILE,0
151.01128,223.140859,145.154978,42.5,0.020884,0.276506,0.1931,0.014097,0.240573,CHECKED_FIELD_PROFILE,0
152.00647,222.157248,145.249292,42.5,0.020951,0.275471,0.192804,0.014135,0.240573,CHECKED_FIELD_PROFILE,0
153.00167,223.965506,145.822565,42.5,0.020955,0.27856,0.189998,0.01513,0.240573,CHECKED_FIELD_PROFILE,0
154.00433,225.608806,146.35388,42.5,0.020822,0.28294,0.186151,0.017183,0.240573,CHECKED_FIELD_PROFILE,0
155.00462,226.434186,146.652372,42.5,0.020708,0.284231,0.186602,0.017121,0.240573,CHECKED_FIELD_PROFILE,0
156.01187,225.554647,146.382829,42.5,0.020482,0.289785,0.18453,0.015455,0.220529,CHECKED_FIELD_PROFILE,0
157.00548,223.238507,146.278051,42.5,0.020395,0.28819,0.184469,0.015409,0.220529,CHECKED_FIELD_PROFILE,0
158.00176,223.639294,146.288914,42.5,0.020031,0.288836,0.183124,0.016324,0.220529,CHECKED_FIELD_PROFILE,0
159.00352,227.923025,146.011016,42.5,0.019973,0.292093,0.181216,0.01724,0.220529,CHECKED_FIELD_PROFILE,0
160.00455,226.124375,146.2406,42.5,0.01977,0.295142,0.179485,0.018156,0.241361,CHECKED_FIELD_PROFILE,0
161.008,226.265221,145.885434,42.5,0.019858,0.305132,0.175804,0.020188,0.241361,CHECKED_FIELD_PROFILE,0
162.00994,229.608619,146.142796,42.5,0.019841,0.312709,0.173454,0.021134,0.241361,CHECKED_FIELD_PROFILE,0
163.00153,230.187837,146.11188,42.5,0.01978,0.314339,0.172793,0.020903,0.241361,CHECKED_FIELD_PROFILE,0
164.01083,232.090414,146.335081,42.5,0.019856,0.325755,0.169716,0.021155,0.241361,CHECKED_FIELD_PROFILE,0
165.00534,231.96832,146.207144,42.5,0.019787,0.327828,0.168984,0.020903,0.241361,CHECKED_FIELD_PROFILE,0
166.00683,231.515229,146.424834,42.5,0.019872,0.331333,0.16759,0.022965,0.229197,CHECKED_FIELD_PROFILE,0
167.00022,230.026811,146.669089,42.5,0.019823,0.331348,0.167025,0.022655,0.229197,CHECKED_FIELD_PROFILE,0
168.01118,231.435225,146.675037,42.5,0.019714,0.331304,0.165391,0.024776,0.229197,CHECKED_FIELD_PROFILE,0
169.00776,232.644531,146.740208,42.5,0.019397,0.333237,0.164132,0.023809,0.229197,CHECKED_FIELD_PROFILE,0
170.0012,232.859221,147.122173,42.5,0.019289,0.334478,0.163651,0.023451,0.229197,CHECKED_FIELD_PROFILE,0
171.00618,234.133972,147.425311,42.5,0.019308,0.335624,0.162648,0.022455,0.150693,CHECKED_FIELD_PROFILE,0
172.00694,236.745784,147.915966,42.5,0.019156,0.338203,0.16203,0.02142,0.150693,CHECKED_FIELD_PROFILE,0
173.01183,237.572871,148.219882,42.5,0.018755,0.344181,0.161134,0.019529,0.150693,CHECKED_FIELD_PROFILE,0
174.0051,235.380843,147.899183,42.5,0.018653,0.345804,0.160829,0.01923,0.150693,CHECKED_FIELD_PROFILE,0
175.01244,237.921689,147.83738,42.5,0.017976,0.344741,0.160855,0.019055,0.138094,CHECKED_FIELD_PROFILE,0
176.00217,235.212091,148.300178,42.5,0.017968,0.342357,0.160865,0.017841,0.124691,CHECKED_FIELD_PROFILE,0
177.00526,236.429139,149.029012,42.5,0.017873,0.343905,0.161051,0.017558,0.124691,CHECKED_FIELD_PROFILE,0
178.00892,235.948639,149.474201,42.5,0.018018,0.337647,0.161455,0.015289,0.124691,CHECKED_FIELD_PROFILE,0
179.00062,234.249319,149.268832,42.5,0.01792,0.337193,0.161557,0.01505,0.124691,CHECKED_FIELD_PROFILE,0
180.00409,232.736404,149.116947,42.5,0.017802,0.333642,0.161347,0.015567,0.128842,CHECKED_FIELD_PROFILE,0
181.01089,233.853339,149.157536,42.5,0.017895,0.329366,0.159699,0.014981,0.153517,CHECKED_FIELD_PROFILE,0
182.00436,235.232532,148.986879,42.5,0.017798,0.329148,0.159295,0.014731,0.153517,CHECKED_FIELD_PROFILE,0
183.00479,234.744715,149.157405,42.5,0.017431,0.327558,0.157652,0.015969,0.153517,CHECKED_FIELD_PROFILE,0
184.00838,235.627623,149.24163,42.5,0.017447,0.327213,0.157263,0.015687,0.153517,CHECKED_FIELD_PROFILE,0
185.00176,235.903614,148.858544,42.5,0.016886,0.329494,0.156472,0.016165,0.164295,CHECKED_FIELD_PROFILE,0
186.00173,237.294617,148.582148,42.5,0.017075,0.332321,0.155572,0.016642,0.148756,CHECKED_FIELD_PROFILE,0
187.00506,236.396621,148.321304,42.5,0.017174,0.336383,0.154764,0.017944,0.148756,CHECKED_FIELD_PROFILE,0
188.00405,235.025182,148.268887,42.5,0.017172,0.336237,0.153694,0.018438,0.148756,CHECKED_FIELD_PROFILE,0
189.00212,235.932768,147.743507,42.5,0.017078,0.334797,0.151867,0.018076,0.148756,CHECKED_FIELD_PROFILE,0
190.0122,239.091336,147.983222,42.5,0.017433,0.338638,0.151154,0.01564,0.119154,CHECKED_FIELD_PROFILE,0
191.00684,238.63719,147.312415,42.5,0.017607,0.339913,0.149582,0.014179,0.109643,CHECKED_FIELD_PROFILE,0
192.00821,234.929123,146.595492,42.5,0.017542,0.336966,0.14682,0.013895,0.109643,CHECKED_FIELD_PROFILE,0
193.00523,234.317816,146.609201,42.5,0.017054,0.339294,0.145268,0.011133,0.109643,CHECKED_FIELD_PROFILE,0
194.00015,233.658439,146.521806,42.5,0.016962,0.335108,0.142458,0.010909,0.109643,CHECKED_FIELD_PROFILE,0
195.00535,233.25178,146.737068,42.5,0.016832,0.330852,0.140117,0.009356,0.109643,CHECKED_FIELD_PROFILE,0
196.01056,231.206425,146.697209,42.5,0.016903,0.32326,0.137841,0.010042,0.09474,CHECKED_FIELD_PROFILE,0
197.00319,229.584503,147.186914,42.5,0.01715,0.31611,0.135541,0.009834,0.09474,CHECKED_FIELD_PROFILE,0
198.00839,227.390023,147.042765,42.5,0.017236,0.303425,0.133783,0.006749,0.09474,CHECKED_FIELD_PROFILE,0
199.00663,226.9737,146.910441,42.5,0.017189,0.294728,0.131281,0.006609,0.09474,CHECKED_FIELD_PROFILE,0
200.01158,223.886747,146.825103,42.5,0.016955,0.281859,0.128185,0.003292,0.091541,CHECKED_FIELD_PROFILE,0
201.00542,223.342841,146.69524,42.5,0.016863,0.271034,0.125573,0.003225,0.077485,CHECKED_FIELD_PROFILE,0
202.00157,227.302844,146.448843,42.5,0.016909,0.26244,0.121967,0.001473,0.077485,CHECKED_FIELD_PROFILE,0
203.00256,229.520711,146.610309,42.5,0.016978,0.255572,0.11705,0.001585,0.077485,CHECKED_FIELD_PROFILE,0
204.00741,227.768346,146.965738,42.5,0.017475,0.245511,0.113485,0.001626,0.077485,CHECKED_FIELD_PROFILE,0
205.00952,226.355205,146.946814,42.5,0.017415,0.23621,0.109573,0.001667,0.083787,CHECKED_FIELD_PROFILE,0
206.01013,223.476303,146.798743,42.5,0.017393,0.226719,0.10537,0.001708,0.072917,CHECKED_FIELD_PROFILE,0
207.00261,224.156378,146.947742,42.5,0.017365,0.217662,0.103253,0.001672,0.072917,CHECKED_FIELD_PROFILE,0
208.00738,226.072345,147.193961,42.5,0.017326,0.21026,0.099206,0.001712,0.072917,CHECKED_FIELD_PROFILE,0
209.00196,226.553184,147.200361,42.5,0.017417,0.19859,0.093495,0.001831,0.072917,CHECKED_FIELD_PROFILE,0
210.00928,226.564722,147.006586,42.5,0.017485,0.18805,0.089492,0.0,0.064685,CHECKED_FIELD_PROFILE,0
211.01085,230.243501,147.185346,42.5,0.017435,0.180267,0.086051,0.0,0.064685,CHECKED_FIELD_PROFILE,0
212.00158,232.624348,147.230629,42.5,0.017452,0.178299,0.084419,0.0,0.064685,CHECKED_FIELD_PROFILE,0
213.00189,232.893648,146.616086,42.5,0.017188,0.166657,0.078913,0.0,0.064685,CHECKED_FIELD_PROFILE,0
214.00027,233.942994,146.298941,42.5,0.017212,0.16576,0.076731,0.0,0.064685,CHECKED_FIELD_PROFILE,0
215.00803,233.973222,146.313975,42.5,0.017866,0.158457,0.07224,0.0,0.088135,CHECKED_FIELD_PROFILE,0
216.01091,235.090351,146.284431,42.5,0.017959,0.146446,0.065158,0.0,0.094053,CHECKED_FIELD_PROFILE,0
217.00367,232.153179,146.552906,42.5,0.0179,0.144404,0.063437,0.0,0.094053,CHECKED_FIELD_PROFILE,0
218.0062,227.641605,146.311422,42.5,0.017688,0.126728,0.056683,0.0,0.094053,CHECKED_FIELD_PROFILE,0
219.00965,226.678711,145.983724,42.5,0.018313,0.121149,0.054728,0.0,0.094053,CHECKED_FIELD_PROFILE,0
220.00921,228.543871,146.176484,42.5,0.018627,0.11248,0.048224,0.0,0.115157,CHECKED_FIELD_PROFILE,0
221.01047,229.2682,146.755623,42.5,0.019062,0.105813,0.044588,0.0,0.120243,CHECKED_FIELD_PROFILE,0
222.00528,226.3223,146.745124,42.5,0.019399,0.097262,0.041245,0.0,0.120243,CHECKED_FIELD_PROFILE,0
223.00841,228.901263,146.775081,42.5,0.019578,0.090428,0.038077,0.0,0.120243,CHECKED_FIELD_PROFILE,0
224.00097,228.719255,146.590801,42.5,0.019779,0.083137,0.034506,0.0,0.120243,CHECKED_FIELD_PROFILE,0
225.00022,229.086714,146.725284,42.5,0.019669,0.080323,0.033549,0.0,0.100904,CHECKED_FIELD_PROFILE,0
226.01076,229.784622,147.08465,42.5,0.018396,0.076306,0.028736,0.0,0.098601,CHECKED_FIELD_PROFILE,0
227.00195,225.222643,146.981326,42.5,0.01848,0.070866,0.028077,0.0,0.098601,CHECKED_FIELD_PROFILE,0
228.00567,229.161807,147.042743,42.5,0.018742,0.065909,0.025324,0.0,0.098601,CHECKED_FIELD_PROFILE,0
229.00753,230.839337,147.332424,42.5,0.018737,0.060266,0.020534,0.0,0.098601,CHECKED_FIELD_PROFILE,0
230.00542,231.457129,147.742332,42.5,0.018694,0.059693,0.020578,0.0,0.074635,CHECKED_FIELD_PROFILE,0
231.00583,232.735364,147.80406,42.5,0.018683,0.058447,0.018687,0.0,0.067909,CHECKED_FIELD_PROFILE,0
232.01022,230.963498,147.685654,42.5,0.019053,0.051585,0.015175,0.0,0.067909,CHECKED_FIELD_PROFILE,0
233.01101,234.135751,148.153435,42.5,0.018867,0.048538,0.014037,0.0,0.067909,CHECKED_FIELD_PROFILE,0
234.00599,234.297763,148.128534,42.5,0.018837,0.044906,0.012913,0.0,0.067909,CHECKED_FIELD_PROFILE,0
235.00163,233.77468,148.40611,42.5,0.018242,0.040682,0.012059,0.0,0.060843,CHECKED_FIELD_PROFILE,0
236.00637,230.598187,148.13586,42.5,0.018298,0.032585,0.011232,0.0,0.05388,CHECKED_FIELD_PROFILE,0
237.00147,231.550383,147.793047,42.5,0.018204,0.032385,0.011394,0.0,0.05388,CHECKED_FIELD_PROFILE,0
238.01108,233.200339,147.654658,42.5,0.018207,0.020268,0.008182,0.0,0.05388,CHECKED_FIELD_PROFILE,0
239.0109,231.093023,147.727145,42.5,0.018188,0.014568,0.007167,0.0,0.05388,CHECKED_FIELD_PROFILE,0
240.00141,227.918316,147.567548,42.5,0.018089,0.012092,0.007226,0.0,0.05388,CHECKED_FIELD_PROFILE,0
241.01166,229.475154,147.142472,42.5,0.018014,0.000444,0.0045,0.0,0.061249,CHECKED_FIELD_PROFILE,0
242.00706,229.849835,147.408954,42.5,0.017798,0.007678,0.003183,0.0,0.061249,CHECKED_FIELD_PROFILE,0
243.00182,229.714559,147.516659,42.5,0.017834,0.013784,0.002338,0.0,0.061249,CHECKED_FIELD_PROFILE,0
244.00418,226.883611,147.612238,42.5,0.017829,0.01628,0.002522,0.0,0.061249,CHECKED_FIELD_PROFILE,0
245.00535,225.544349,147.75497,42.5,0.018128,0.028255,0.001837,0.0,0.065677,CHECKED_FIELD_PROFILE,0
246.00652,224.907955,147.42263,42.5,0.018033,0.031698,0.001882,0.0,0.067181,CHECKED_FIELD_PROFILE,0
247.00379,224.917647,147.263522,42.5,0.018078,0.039944,0.001218,0.0,0.067181,CHECKED_FIELD_PROFILE,0
248.01289,227.444602,147.00898,42.5,0.018173,0.055179,0.000464,0.0,0.067181,CHECKED_FIELD_PROFILE,0
249.00984,229.769216,147.037528,42.5,0.018189,0.058461,0.00163,0.0,0.067181,CHECKED_FIELD_PROFILE,0
250.00656,233.623069,147.69932,42.5,0.018262,0.060298,0.002157,0.0,0.065909,CHECKED_FIELD_PROFILE,0
251.00615,234.482596,147.865681,42.5,0.018172,0.055946,0.001705,0.0,0.074391,CHECKED_FIELD_PROFILE,0
252.00574,236.485551,148.077324,42.5,0.018369,0.055761,0.002241,0.0,0.074391,CHECKED_FIELD_PROFILE,0
253.00601,234.132824,148.562931,42.5,0.018421,0.057701,0.00331,0.0,0.074391,CHECKED_FIELD_PROFILE,0
254.00897,232.889072,148.835845,42.5,0.01832,0.054728,0.002176,0.0,0.074391,CHECKED_FIELD_PROFILE,0
255.00222,238.644016,149.338029,42.5,0.018282,0.049007,0.001596,0.0,0.06482,CHECKED_FIELD_PROFILE,0
256.00883,239.019044,149.856415,42.5,0.01842,0.044679,0.001612,0.0,0.054469,CHECKED_FIELD_PROFILE,0
257.00802,238.808166,150.013577,42.5,0.018389,0.040477,0.0004,0.0,0.054469,CHECKED_FIELD_PROFILE,0
258.00345,239.647133,149.894166,42.5,0.018364,0.033412,0.001298,0.0,0.054469,CHECKED_FIELD_PROFILE,0
259.00765,239.920079,149.868618,42.5,0.018134,0.027742,0.002293,0.0,0.054469,CHECKED_FIELD_PROFILE,0
260.01017,242.663809,149.917578,42.5,0.018155,0.019303,0.003046,0.0,0.034359,CHECKED_FIELD_PROFILE,1
261.00622,245.374036,150.110865,42.5,0.018146,0.007776,0.00469,0.0,0.034359,CHECKED_FIELD_PROFILE,1
262.00018,247.115863,150.45158,42.5,0.018096,0.003283,0.006527,0.0,0.034359,CHECKED_FIELD_PROFILE,1
263.01129,248.556308,150.604283,42.5,0.018525,0.018334,0.008762,0.0,0.034359,CHECKED_FIELD_PROFILE,1
264.0066,243.882131,150.491647,42.5,0.018495,0.033709,0.011574,0.0,0.034359,CHECKED_FIELD_PROFILE,1
265.00767,240.259983,150.26551,42.5,0.018397,0.038266,0.012994,0.0,0.038618,CHECKED_FIELD_PROFILE,1
266.00874,239.370893,150.154067,42.5,0.018314,0.050872,0.015595,0.0,0.046134,CHECKED_FIELD_PROFILE,1
267.01108,239.058715,150.279411,42.5,0.018433,0.058709,0.018325,0.0,0.046134,CHECKED_FIELD_PROFILE,1
268.01041,242.325373,149.603314,42.5,0.018333,0.068535,0.020873,0.0,0.046134,CHECKED_FIELD_PROFILE,1
269.00677,240.615608,149.33527,42.5,0.018378,0.075732,0.023069,0.0,0.046134,CHECKED_FIELD_PROFILE,1
270.00724,241.785933,149.109946,42.5,0.018348,0.082547,0.024985,0.0,0.048458,CHECKED_FIELD_PROFILE,1
271.00768,242.510113,149.069929,42.5,0.018274,0.086878,0.025065,0.0,0.048458,CHECKED_FIELD_PROFILE,1
272.01184,242.441551,147.857287,42.5,0.018462,0.099454,0.027803,0.0,0.048458,CHECKED_FIELD_PROFILE,1
273.00908,243.288647,147.832431,42.5,0.018455,0.108465,0.028833,0.0,0.048458,CHECKED_FIELD_PROFILE,1
274.00869,242.513846,147.96525,42.5,0.018379,0.117428,0.030045,0.0,0.048458,CHECKED_FIELD_PROFILE,1
275.00132,240.994825,148.009513,42.5,0.018583,0.119286,0.029232,0.0,0.036122,CHECKED_FIELD_PROFILE,1
276.00389,239.769314,147.76694,42.5,0.018603,0.133379,0.031633,0.0,0.035041,CHECKED_FIELD_PROFILE,1
277.00232,233.882236,147.020588,42.5,0.018499,0.12956,0.030073,0.0,0.035041,CHECKED_FIELD_PROFILE,1
278.01149,231.191053,147.011831,42.5,0.018602,0.136378,0.031368,0.0,0.035041,CHECKED_FIELD_PROFILE,1
279.00095,230.782789,146.909805,42.5,0.018516,0.130291,0.029757,0.0,0.035041,CHECKED_FIELD_PROFILE,1
280.00921,230.244943,146.78035,42.5,0.018518,0.130397,0.029098,0.0,0.035041,CHECKED_FIELD_PROFILE,1
281.01168,230.352963,146.577203,42.5,0.017958,0.141769,0.029156,0.0,0.031059,CHECKED_FIELD_PROFILE,1
282.00114,232.944486,146.952307,42.5,0.017863,0.137233,0.02767,0.0,0.031059,CHECKED_FIELD_PROFILE,1
283.00866,234.195782,147.035013,42.5,0.01811,0.145588,0.02647,0.0,0.031059,CHECKED_FIELD_PROFILE,1
284.00253,233.107158,146.831305,42.5,0.018376,0.146455,0.024938,0.0,0.031059,CHECKED_FIELD_PROFILE,1
285.00302,233.046633,146.663189,42.5,0.018283,0.14186,0.023373,0.0,0.031059,CHECKED_FIELD_PROFILE,1
286.0046,233.73283,146.938029,42.5,0.018253,0.142863,0.02212,0.0,0.025709,CHECKED_FIELD_PROFILE,1
287.00189,232.904316,147.19759,42.5,0.01827,0.141765,0.021021,0.0,0.025709,CHECKED_FIELD_PROFILE,1
288.00495,230.122782,147.661552,42.5,0.018078,0.137459,0.020605,0.0,0.025709,CHECKED_FIELD_PROFILE,1
289.00072,228.087729,148.333146,42.5,0.018037,0.130079,0.020558,0.0,0.025709,CHECKED_FIELD_PROFILE,1
290.00013,228.374149,148.580448,42.5,0.018048,0.122588,0.02057,0.0,0.025758,CHECKED_FIELD_PROFILE,1
291.01202,228.255069,148.504605,42.5,0.018132,0.109366,0.020326,0.0,0.028235,CHECKED_FIELD_PROFILE,1
292.01075,227.947567,148.389322,42.5,0.018077,0.101388,0.01978,0.0,0.028235,CHECKED_FIELD_PROFILE,1
293.00692,228.013689,148.137291,42.5,0.018051,0.095111,0.019138,0.0,0.028235,CHECKED_FIELD_PROFILE,1
294.00825,228.315941,147.919803,42.5,0.017583,0.087766,0.018578,0.0,0.028235,CHECKED_FIELD_PROFILE,1
295.00959,230.928882,147.821929,42.5,0.017583,0.081268,0.017917,0.0,0.029874,CHECKED_FIELD_PROFILE,1
296.01222,230.545682,148.193814,42.5,0.01772,0.072257,0.017403,0.0,0.029874,CHECKED_FIELD_PROFILE,1
297.00847,228.056311,148.226144,42.5,0.017685,0.061816,0.017001,0.0,0.029874,CHECKED_FIELD_PROFILE,1
298.00473,228.808236,148.19837,42.5,0.017587,0.056671,0.016685,0.0,0.029874,CHECKED_FIELD_PROFILE,1
299.00288,229.149479,148.210757,42.5,0.017712,0.045344,0.01648,0.0,0.029874,CHECKED_FIELD_PROFILE,1
300.0,230.578329,147.916467,42.5,0.018139,0.041962,0.015964,0.0,0.027143,CHECKED_FIELD_PROFILE,1
