subset,purpose,case_kind,parent_case_id,physical_case_id,run_chid,replicate_id,Q_requested_MW,Af_requested_m2,Af_discrete_m2,Df_requested_m,Df_discrete_m,burner_side_requested_m,burner_bounds,xf_requested_m,xf_actual_m,yf_actual_m,dx_m,mesh_profile,sensor_profile,output_profile,rnd_seed,T_end_s,fds_version_planned,run_core_sha256,source_input_path,status
pilot,g1_short_background,background,g1_short,g1_bg_q000_s40_x50,g1_bg_q000_s40_x50_t005,,,,,,,,,,,,,,,,,,,11515b8093921d33491d166d3339a378c1c9922804137887528bd72cbac5f6e9,C:\Users\xiao.cheng\Desktop\科研\fds_inputs\pilot\g1_short\g1_bg_q000_s40_x50_t005.fds,
pilot,g1_short_low,fire,g1_short,g1_q018_s40_x50,g1_lo_q018_s40_x50_t005,,,,,,,,,,,,,,,,,,,a702ef11c5ee6cd60a9b2110dc5a1de16c982f3e411b2cbe72e054e06b91176f,C:\Users\xiao.cheng\Desktop\科研\fds_inputs\pilot\g1_short\g1_lo_q018_s40_x50_t005.fds,
pilot,g1_short_high,fire,g1_short,g1_q036_s40_x50,g1_hi_q036_s40_x50_t005,,,,,,,,,,,,,,,,,,,bf23d1df9d2748e27e71ea8604e6bc9868ec53868b9294c11d9a3471e68fcb42,C:\Users\xiao.cheng\Desktop\科研\fds_inputs\pilot\g1_short\g1_hi_q036_s40_x50_t005.fds,
pilot,g1_short_closure,fire,g1_short,g1_q027_s40_x50,g1_cl_q027_s40_x50_t040,,,,,,,,,,,,,,,,,,,4988c0352cde4759da99fdb788bfec4bb6ff23f1d94670e5f5e28168db2777bc,C:\Users\xiao.cheng\Desktop\科研\fds_inputs\pilot\g1_short\g1_cl_q027_s40_x50_t040.fds,
pilot,background,background,pilot_background,p_bg,p_bg_g25_r104729,r104729,0,0,0,0,0,0,,50,50,5,0.25,no_wind_symmetric_v1,no_wind_global_v1,light,104729,300,6.10.1 (FDS-6.10.1-0-g12efa16-release),61cbcdb6c906b8bbd7cf16c74f6dba2619e517518c5a418f78ea70fdbdba429e,C:\Users\xiao.cheng\Desktop\科研\fds_inputs\pilot\g2\p_bg_g25_r104729.fds,COMPLETED_ACCEPTED_G2_STAGE1
pilot,background,background,pilot_background,p_bg,p_bg_g25_r204729,r204729,0,0,0,0,0,0,,50,50,5,0.25,no_wind_symmetric_v1,no_wind_global_v1,light,204729,300,6.10.1 (FDS-6.10.1-0-g12efa16-release),4bb044d2781c6206fe313376e6028f4239a28561ebf30c82aec5800aee3cded2,C:\Users\xiao.cheng\Desktop\科研\fds_inputs\pilot\g2\p_bg_g25_r204729.fds,COMPLETED_ACCEPTED_G2_STAGE1
pilot,background,background,pilot_background,p_bg,p_bg_g25_r304729,r304729,0,0,0,0,0,0,,50,50,5,0.25,no_wind_symmetric_v1,no_wind_global_v1,light,304729,300,6.10.1 (FDS-6.10.1-0-g12efa16-release),c2d7b53f9878c2a12f269ae71b81b53984314ae260182e69355e646303f458c6,C:\Users\xiao.cheng\Desktop\科研\fds_inputs\pilot\g2\p_bg_g25_r304729.fds,COMPLETED_ACCEPTED_G2_STAGE1
pilot,grid_low,fire,p_q018_s40,p_q018_s40_x50,p_q018_s40_x50_g50_r104729,r104729,18,16,16,4.51351666838205,4.51351666838205,4.0,"[48.0, 52.0, 3.0, 7.0]",50,50,5,0.5,no_wind_symmetric_v1,no_wind_global_v1,light,104729,300,6.10.1 (FDS-6.10.1-0-g12efa16-release),c945915c3a5fee2c01f88ed64b5dbac7636ae448541fb2f65f24cf111789c41b,C:\Users\xiao.cheng\Desktop\科研\fds_inputs\pilot\g2\p_q018_s40_x50_g50_r104729.fds,SUPERSEDED_G2_STAGE3_POISSON_PARTITION
pilot,grid_low,fire,p_q018_s40,p_q018_s40_x50,p_q018_s40_x50_g25_r104729,r104729,18,16,16,4.51351666838205,4.51351666838205,4.0,"[48.0, 52.0, 3.0, 7.0]",50,50,5,0.25,no_wind_symmetric_v1,no_wind_global_v1,heavy,104729,300,6.10.1 (FDS-6.10.1-0-g12efa16-release),395015ce42dbe4e291161e7b084628f07552d1e1bec08f702b57c627e611db50,C:\Users\xiao.cheng\Desktop\科研\fds_inputs\pilot\g2\p_q018_s40_x50_g25_r104729.fds,COMPLETED_ACCEPTED_G2_STAGE2
pilot,grid_low,fire,p_q018_s40,p_q018_s40_x50,p_q018_s40_x50_g20_r104729,r104729,18,16,16,4.51351666838205,4.51351666838205,4.0,"[48.0, 52.0, 3.0, 7.0]",50,50,5,0.2,no_wind_symmetric_v1,no_wind_global_v1,light,104729,300,6.10.1 (FDS-6.10.1-0-g12efa16-release),9f92db130f4fde39d203781ef040979616aa42be53a1dc1380bc97b7b13b19fb,C:\Users\xiao.cheng\Desktop\科研\fds_inputs\pilot\g2\p_q018_s40_x50_g20_r104729.fds,PREPARED_G2_PILOT
pilot,grid_high,fire,p_q036_s40,p_q036_s40_x50,p_q036_s40_x50_g50_r104729,r104729,36,16,16,4.51351666838205,4.51351666838205,4.0,"[48.0, 52.0, 3.0, 7.0]",50,50,5,0.5,no_wind_symmetric_v1,no_wind_global_v1,light,104729,300,6.10.1 (FDS-6.10.1-0-g12efa16-release),9680a30fe6343b6c20e9d70cf153a3eadb8db3ec2479eda1121ae9cf3d5483f1,C:\Users\xiao.cheng\Desktop\科研\fds_inputs\pilot\g2\p_q036_s40_x50_g50_r104729.fds,SUPERSEDED_G2_STAGE3_POISSON_PARTITION
pilot,grid_high,fire,p_q036_s40,p_q036_s40_x50,p_q036_s40_x50_g25_r104729,r104729,36,16,16,4.51351666838205,4.51351666838205,4.0,"[48.0, 52.0, 3.0, 7.0]",50,50,5,0.25,no_wind_symmetric_v1,no_wind_global_v1,heavy,104729,300,6.10.1 (FDS-6.10.1-0-g12efa16-release),b9a3402c45a92cceebf3891af78c52052c53d1bf6ee692b62b8dce1a7ad58e93,C:\Users\xiao.cheng\Desktop\科研\fds_inputs\pilot\g2\p_q036_s40_x50_g25_r104729.fds,COMPLETED_ACCEPTED_G2_STAGE2
pilot,grid_high,fire,p_q036_s40,p_q036_s40_x50,p_q036_s40_x50_g20_r104729,r104729,36,16,16,4.51351666838205,4.51351666838205,4.0,"[48.0, 52.0, 3.0, 7.0]",50,50,5,0.2,no_wind_symmetric_v1,no_wind_global_v1,light,104729,300,6.10.1 (FDS-6.10.1-0-g12efa16-release),ad1c8610a18d3c90206206aedac7238162d1d53bd6b6264a9bd6950123b3668e,C:\Users\xiao.cheng\Desktop\科研\fds_inputs\pilot\g2\p_q036_s40_x50_g20_r104729.fds,PREPARED_G2_PILOT
pilot,opening_translation,fire,p_q027_s45,p_q027_s45_x40,p_q027_s45_x40_g25_r104729,r104729,27,20.25,20.25,5.07770625192981,5.07770625192981,4.5,"[37.75, 42.25, 2.75, 7.25]",40,40,5,0.25,no_wind_symmetric_v1,no_wind_global_v1,heavy,104729,300,6.10.1 (FDS-6.10.1-0-g12efa16-release),ef9ba6afb8616a7f1ff72f8bc45ad75ee0b71527130c6cb2d559bb1d157bb8c6,C:\Users\xiao.cheng\Desktop\科研\fds_inputs\pilot\g2\p_q027_s45_x40_g25_r104729.fds,PREPARED_G2_PILOT
pilot,opening_translation,fire,p_q027_s45,p_q027_s45_x50,p_q027_s45_x50_g25_r104729,r104729,27,20.25,20.25,5.07770625192981,5.07770625192981,4.5,"[47.75, 52.25, 2.75, 7.25]",50,50,5,0.25,no_wind_symmetric_v1,no_wind_global_v1,heavy,104729,300,6.10.1 (FDS-6.10.1-0-g12efa16-release),45a05cb9c2af74c979a073ace38abc03a018dc25d31992a9b66daa290cdee65e,C:\Users\xiao.cheng\Desktop\科研\fds_inputs\pilot\g2\p_q027_s45_x50_g25_r104729.fds,PREPARED_G2_PILOT
pilot,opening_translation,fire,p_q027_s45,p_q027_s45_x60,p_q027_s45_x60_g25_r104729,r104729,27,20.25,20.25,5.07770625192981,5.07770625192981,4.5,"[57.75, 62.25, 2.75, 7.25]",60,60,5,0.25,no_wind_symmetric_v1,no_wind_global_v1,heavy,104729,300,6.10.1 (FDS-6.10.1-0-g12efa16-release),f5b2f87dbefbbff53372ac9c66a7381a2e37cbb297bbebb62901cfedd609e780,C:\Users\xiao.cheng\Desktop\科研\fds_inputs\pilot\g2\p_q027_s45_x60_g25_r104729.fds,PREPARED_G2_PILOT
pilot,seed_repeat_low,fire,p_q018_s40,p_q018_s40_x50,p_q018_s40_x50_g25_r204729,r204729,18,16,16,4.51351666838205,4.51351666838205,4.0,"[48.0, 52.0, 3.0, 7.0]",50,50,5,0.25,no_wind_symmetric_v1,no_wind_global_v1,light,204729,300,6.10.1 (FDS-6.10.1-0-g12efa16-release),5dace9b672937995f3038a11c08893eb18dd9d1bbf553ce54ab31b8d306a0e0b,C:\Users\xiao.cheng\Desktop\科研\fds_inputs\pilot\g2\p_q018_s40_x50_g25_r204729.fds,PREPARED_G2_PILOT
pilot,seed_repeat_low,fire,p_q018_s40,p_q018_s40_x50,p_q018_s40_x50_g25_r304729,r304729,18,16,16,4.51351666838205,4.51351666838205,4.0,"[48.0, 52.0, 3.0, 7.0]",50,50,5,0.25,no_wind_symmetric_v1,no_wind_global_v1,light,304729,300,6.10.1 (FDS-6.10.1-0-g12efa16-release),50946bf83e8cc63d59de628f07b96c73eccadf6a38264e30acfb0ab296397acf,C:\Users\xiao.cheng\Desktop\科研\fds_inputs\pilot\g2\p_q018_s40_x50_g25_r304729.fds,PREPARED_G2_PILOT
pilot,seed_repeat_high,fire,p_q036_s40,p_q036_s40_x50,p_q036_s40_x50_g25_r204729,r204729,36,16,16,4.51351666838205,4.51351666838205,4.0,"[48.0, 52.0, 3.0, 7.0]",50,50,5,0.25,no_wind_symmetric_v1,no_wind_global_v1,light,204729,300,6.10.1 (FDS-6.10.1-0-g12efa16-release),25336a2c0683723d5a2fec14665864d678df8feff1cd8072b9f40a130ec5a0e0,C:\Users\xiao.cheng\Desktop\科研\fds_inputs\pilot\g2\p_q036_s40_x50_g25_r204729.fds,PREPARED_G2_PILOT
pilot,seed_repeat_high,fire,p_q036_s40,p_q036_s40_x50,p_q036_s40_x50_g25_r304729,r304729,36,16,16,4.51351666838205,4.51351666838205,4.0,"[48.0, 52.0, 3.0, 7.0]",50,50,5,0.25,no_wind_symmetric_v1,no_wind_global_v1,light,304729,300,6.10.1 (FDS-6.10.1-0-g12efa16-release),15c0d5b924726d0f9848fc2df56dddbb3a372f24064518d2e7144593ab6ec5af,C:\Users\xiao.cheng\Desktop\科研\fds_inputs\pilot\g2\p_q036_s40_x50_g25_r304729.fds,PREPARED_G2_PILOT
pilot,grid_low,fire,p_q018_s40,p_q018_s40_x50,p_q018_s40_x50_g50m18_r104729,r104729,18,16,16,4.51351666838205,4.51351666838205,4.0,"[48.0, 52.0, 3.0, 7.0]",50,50,5,0.5,no_wind_symmetric_v1,no_wind_global_v1,light,104729,300,6.10.1 (FDS-6.10.1-0-g12efa16-release),e1758d089ef3f06cba24cd08c617dcf2e861be74be8358371dadc4e3db7eef3b,C:\Users\Administrator\Desktop\科研\tunnel-fire-research\fds_inputs\pilot\g2\p_q018_s40_x50_g50m18_r104729.fds,PREPARED_G2_PILOT_REPAIR
pilot,grid_high,fire,p_q036_s40,p_q036_s40_x50,p_q036_s40_x50_g50m18_r104729,r104729,36,16,16,4.51351666838205,4.51351666838205,4.0,"[48.0, 52.0, 3.0, 7.0]",50,50,5,0.5,no_wind_symmetric_v1,no_wind_global_v1,light,104729,300,6.10.1 (FDS-6.10.1-0-g12efa16-release),517640d7af6008537d013a0c22f7e8065ef44f9c7b327bdd3a6876a482ce53ae,C:\Users\Administrator\Desktop\科研\tunnel-fire-research\fds_inputs\pilot\g2\p_q036_s40_x50_g50m18_r104729.fds,PREPARED_G2_PILOT_REPAIR
development,development_center,fire,d_q018_s35,d_q018_s35_x50,d_q018_s35_x50_g25_r104729,r104729,18,12.25,12.25,3.94932708483429,3.94932708483429,3.5,"[48.25, 51.75, 3.25, 6.75]",50,50,5,0.25,no_wind_symmetric_v1,no_wind_global_t90_v1,heavy,104729,300,6.10.1 (FDS-6.10.1-0-g12efa16-release),de5317f4288d68b5f4f0fd735f46bc367fc184f2fb4a369eda746226168bb8f2,C:\Users\Administrator\Desktop\科研\tunnel-fire-research\fds_inputs\development\g3\d_q018_s35_x50_g25_r104729.fds,COMPLETED_ACCEPTED_G4
development,development_offset,fire,d_q027_s45,d_q027_s45_x40,d_q027_s45_x40_g25_r104729,r104729,27,20.25,20.25,5.07770625192981,5.07770625192981,4.5,"[37.75, 42.25, 2.75, 7.25]",40,40,5,0.25,no_wind_symmetric_v1,no_wind_global_t90_v1,heavy,104729,300,6.10.1 (FDS-6.10.1-0-g12efa16-release),61a83f2243aea5a8af5c0ff1dc690a44cd487409cd8b6737437543ad8628ec38,C:\Users\Administrator\Desktop\科研\tunnel-fire-research\fds_inputs\development\g3\d_q027_s45_x40_g25_r104729.fds,COMPLETED_ACCEPTED_G4
development,development_center,fire,d_q027_s45,d_q027_s45_x50,d_q027_s45_x50_g25_r104729,r104729,27,20.25,20.25,5.07770625192981,5.07770625192981,4.5,"[47.75, 52.25, 2.75, 7.25]",50,50,5,0.25,no_wind_symmetric_v1,no_wind_global_t90_v1,heavy,104729,300,6.10.1 (FDS-6.10.1-0-g12efa16-release),9aeb8078232ddca50acbd829149be9d4135a14daa1699c317d5e282be12a1f1f,C:\Users\Administrator\Desktop\科研\tunnel-fire-research\fds_inputs\development\g3\d_q027_s45_x50_g25_r104729.fds,COMPLETED_ACCEPTED_G4
development,development_offset,fire,d_q027_s45,d_q027_s45_x60,d_q027_s45_x60_g25_r104729,r104729,27,20.25,20.25,5.07770625192981,5.07770625192981,4.5,"[57.75, 62.25, 2.75, 7.25]",60,60,5,0.25,no_wind_symmetric_v1,no_wind_global_t90_v1,heavy,104729,300,6.10.1 (FDS-6.10.1-0-g12efa16-release),2366127f9aba3ffaa077c5616f053e79ed90bf4049788cf876065e995e89ec89,C:\Users\Administrator\Desktop\科研\tunnel-fire-research\fds_inputs\development\g3\d_q027_s45_x60_g25_r104729.fds,COMPLETED_ACCEPTED_G4
development,development_center,fire,d_q036_s50,d_q036_s50_x50,d_q036_s50_x50_g25_r104729,r104729,36,25,25,5.64189583547756,5.64189583547756,5,"[47.5, 52.5, 2.5, 7.5]",50,50,5,0.25,no_wind_symmetric_v1,no_wind_global_t90_v1,heavy,104729,300,6.10.1 (FDS-6.10.1-0-g12efa16-release),3c371fad54ba7eb3cad6fee9d42a74dc3ab2cce4e949a2c8f7b2e3f412a70046,C:\Users\Administrator\Desktop\科研\tunnel-fire-research\fds_inputs\development\g3\d_q036_s50_x50_g25_r104729.fds,COMPLETED_ACCEPTED_G4
development,development_center,fire,d_q018_s45,d_q018_s45_x50,d_q018_s45_x50_g25_r104729,r104729,18,20.25,20.25,5.07770625192981,5.07770625192981,4.5,"[47.75, 52.25, 2.75, 7.25]",50,50,5,0.25,no_wind_symmetric_v1,no_wind_global_t90_v1,light,104729,300,6.10.1 (FDS-6.10.1-0-g12efa16-release),98097a3684a14060cc38415ceca04ce37eba61ccde4f213360abe72a7878dc7f,C:\Users\Administrator\Desktop\科研\tunnel-fire-research\fds_inputs\development\g3\d_q018_s45_x50_g25_r104729.fds,COMPLETED_ACCEPTED_G4
development,development_center,fire,d_q018_s50,d_q018_s50_x50,d_q018_s50_x50_g25_r104729,r104729,18,25,25,5.64189583547756,5.64189583547756,5,"[47.5, 52.5, 2.5, 7.5]",50,50,5,0.25,no_wind_symmetric_v1,no_wind_global_t90_v1,light,104729,300,6.10.1 (FDS-6.10.1-0-g12efa16-release),0b2e2f68eb56f082276f748ad51bfc9fdf5f4b3e88380cc3923b36214a8aa1a5,C:\Users\Administrator\Desktop\科研\tunnel-fire-research\fds_inputs\development\g3\d_q018_s50_x50_g25_r104729.fds,COMPLETED_ACCEPTED_G4
development,development_center,fire,d_q027_s35,d_q027_s35_x50,d_q027_s35_x50_g25_r104729,r104729,27,12.25,12.25,3.94932708483429,3.94932708483429,3.5,"[48.25, 51.75, 3.25, 6.75]",50,50,5,0.25,no_wind_symmetric_v1,no_wind_global_t90_v1,light,104729,300,6.10.1 (FDS-6.10.1-0-g12efa16-release),f439321bfb672d01579ca621aaf8f27647dbaa9a9ada0627c876539ecd3c4edc,C:\Users\Administrator\Desktop\科研\tunnel-fire-research\fds_inputs\development\g3\d_q027_s35_x50_g25_r104729.fds,COMPLETED_ACCEPTED_G4
development,development_center,fire,d_q027_s50,d_q027_s50_x50,d_q027_s50_x50_g25_r104729,r104729,27,25,25,5.64189583547756,5.64189583547756,5,"[47.5, 52.5, 2.5, 7.5]",50,50,5,0.25,no_wind_symmetric_v1,no_wind_global_t90_v1,light,104729,300,6.10.1 (FDS-6.10.1-0-g12efa16-release),86afea6fb20cf62f3dbe0662993d093969e0d95f5d3a3adc9265964c282e8151,C:\Users\Administrator\Desktop\科研\tunnel-fire-research\fds_inputs\development\g3\d_q027_s50_x50_g25_r104729.fds,COMPLETED_ACCEPTED_G4
development,development_center,fire,d_q036_s35,d_q036_s35_x50,d_q036_s35_x50_g25_r104729,r104729,36,12.25,12.25,3.94932708483429,3.94932708483429,3.5,"[48.25, 51.75, 3.25, 6.75]",50,50,5,0.25,no_wind_symmetric_v1,no_wind_global_t90_v1,light,104729,300,6.10.1 (FDS-6.10.1-0-g12efa16-release),cc40e40584ce6f474f81884650ed6cc9fd01ad36bf1028fea2a007ad58fb55ae,C:\Users\Administrator\Desktop\科研\tunnel-fire-research\fds_inputs\development\g3\d_q036_s35_x50_g25_r104729.fds,COMPLETED_ACCEPTED_G4
development,development_center,fire,d_q036_s45,d_q036_s45_x50,d_q036_s45_x50_g25_r104729,r104729,36,20.25,20.25,5.07770625192981,5.07770625192981,4.5,"[47.75, 52.25, 2.75, 7.25]",50,50,5,0.25,no_wind_symmetric_v1,no_wind_global_t90_v1,light,104729,300,6.10.1 (FDS-6.10.1-0-g12efa16-release),46652bf285869acea860b58ecd742e09f55216762c8ee1d2520823574ec972e7,C:\Users\Administrator\Desktop\科研\tunnel-fire-research\fds_inputs\development\g3\d_q036_s45_x50_g25_r104729.fds,COMPLETED_ACCEPTED_G4
development,development_offset,fire,d_q018_s35,d_q018_s35_x40,d_q018_s35_x40_g25_r104729,r104729,18,12.25,12.25,3.94932708483429,3.94932708483429,3.5,"[38.25, 41.75, 3.25, 6.75]",40,40,5,0.25,no_wind_symmetric_v1,no_wind_global_t90_v1,light,104729,300,6.10.1 (FDS-6.10.1-0-g12efa16-release),dc0fc900e953310ad4979653bab5299e9f248aedc86ee40be1d704135637d204,C:\Users\Administrator\Desktop\科研\tunnel-fire-research\fds_inputs\development\g3\d_q018_s35_x40_g25_r104729.fds,COMPLETED_ACCEPTED_G4
development,development_seed_repeat,fire,d_q018_s35,d_q018_s35_x50,d_q018_s35_x50_g25_r204729,r204729,18,12.25,12.25,3.94932708483429,3.94932708483429,3.5,"[48.25, 51.75, 3.25, 6.75]",50,50,5,0.25,no_wind_symmetric_v1,no_wind_global_t90_v1,light,204729,300,6.10.1 (FDS-6.10.1-0-g12efa16-release),7c7a7e1445e6655bfd7b3f897365634649eb77e2f2588562159031e0d3b34d95,C:\Users\Administrator\Desktop\科研\tunnel-fire-research\fds_inputs\development\g3\d_q018_s35_x50_g25_r204729.fds,COMPLETED_ACCEPTED_G4
development,development_seed_repeat,fire,d_q018_s35,d_q018_s35_x50,d_q018_s35_x50_g25_r304729,r304729,18,12.25,12.25,3.94932708483429,3.94932708483429,3.5,"[48.25, 51.75, 3.25, 6.75]",50,50,5,0.25,no_wind_symmetric_v1,no_wind_global_t90_v1,light,304729,300,6.10.1 (FDS-6.10.1-0-g12efa16-release),8300452c9451d1569a381177550a722037076f4ca22a5122c0c44b55cf2ddeaa,C:\Users\Administrator\Desktop\科研\tunnel-fire-research\fds_inputs\development\g3\d_q018_s35_x50_g25_r304729.fds,COMPLETED_ACCEPTED_G4
development,development_offset,fire,d_q018_s35,d_q018_s35_x60,d_q018_s35_x60_g25_r104729,r104729,18,12.25,12.25,3.94932708483429,3.94932708483429,3.5,"[58.25, 61.75, 3.25, 6.75]",60,60,5,0.25,no_wind_symmetric_v1,no_wind_global_t90_v1,light,104729,300,6.10.1 (FDS-6.10.1-0-g12efa16-release),883caee807407e0a5bbabb97d4d5bf6f788ff879b6da14e5274ab6b8435a2a25,C:\Users\Administrator\Desktop\科研\tunnel-fire-research\fds_inputs\development\g3\d_q018_s35_x60_g25_r104729.fds,COMPLETED_ACCEPTED_G4
development,development_offset,fire,d_q018_s50,d_q018_s50_x40,d_q018_s50_x40_g25_r104729,r104729,18,25,25,5.64189583547756,5.64189583547756,5,"[37.5, 42.5, 2.5, 7.5]",40,40,5,0.25,no_wind_symmetric_v1,no_wind_global_t90_v1,light,104729,300,6.10.1 (FDS-6.10.1-0-g12efa16-release),0d85842dbbc3bdfac5d036141b4d59e65075d1723a5066e55d5a6ae8ce23036b,C:\Users\Administrator\Desktop\科研\tunnel-fire-research\fds_inputs\development\g3\d_q018_s50_x40_g25_r104729.fds,COMPLETED_ACCEPTED_G4
development,development_offset,fire,d_q018_s50,d_q018_s50_x60,d_q018_s50_x60_g25_r104729,r104729,18,25,25,5.64189583547756,5.64189583547756,5,"[57.5, 62.5, 2.5, 7.5]",60,60,5,0.25,no_wind_symmetric_v1,no_wind_global_t90_v1,light,104729,300,6.10.1 (FDS-6.10.1-0-g12efa16-release),bbd399c3b91f2792f00d10b69af4af7bcffdf014094e7352ada43e013e9787f1,C:\Users\Administrator\Desktop\科研\tunnel-fire-research\fds_inputs\development\g3\d_q018_s50_x60_g25_r104729.fds,COMPLETED_ACCEPTED_G4
development,development_seed_repeat,fire,d_q027_s45,d_q027_s45_x40,d_q027_s45_x40_g25_r204729,r204729,27,20.25,20.25,5.07770625192981,5.07770625192981,4.5,"[37.75, 42.25, 2.75, 7.25]",40,40,5,0.25,no_wind_symmetric_v1,no_wind_global_t90_v1,light,204729,300,6.10.1 (FDS-6.10.1-0-g12efa16-release),51e6256031e99810d0293df25cc155cf81595c921021892c15bc420e2bfea3cf,C:\Users\Administrator\Desktop\科研\tunnel-fire-research\fds_inputs\development\g3\d_q027_s45_x40_g25_r204729.fds,COMPLETED_ACCEPTED_G4
development,development_seed_repeat,fire,d_q027_s45,d_q027_s45_x40,d_q027_s45_x40_g25_r304729,r304729,27,20.25,20.25,5.07770625192981,5.07770625192981,4.5,"[37.75, 42.25, 2.75, 7.25]",40,40,5,0.25,no_wind_symmetric_v1,no_wind_global_t90_v1,light,304729,300,6.10.1 (FDS-6.10.1-0-g12efa16-release),aedbba6f710b2c3c653944f2135ebaf51c6a4879d1e7e90efe5dba8e25629a03,C:\Users\Administrator\Desktop\科研\tunnel-fire-research\fds_inputs\development\g3\d_q027_s45_x40_g25_r304729.fds,COMPLETED_ACCEPTED_G4
development,development_seed_repeat,fire,d_q027_s45,d_q027_s45_x60,d_q027_s45_x60_g25_r204729,r204729,27,20.25,20.25,5.07770625192981,5.07770625192981,4.5,"[57.75, 62.25, 2.75, 7.25]",60,60,5,0.25,no_wind_symmetric_v1,no_wind_global_t90_v1,light,204729,300,6.10.1 (FDS-6.10.1-0-g12efa16-release),791d2290fad3134c1d5aa556580f1e8659453a1d72bb317030015c09b3c4feea,C:\Users\Administrator\Desktop\科研\tunnel-fire-research\fds_inputs\development\g3\d_q027_s45_x60_g25_r204729.fds,COMPLETED_ACCEPTED_G4
development,development_seed_repeat,fire,d_q027_s45,d_q027_s45_x60,d_q027_s45_x60_g25_r304729,r304729,27,20.25,20.25,5.07770625192981,5.07770625192981,4.5,"[57.75, 62.25, 2.75, 7.25]",60,60,5,0.25,no_wind_symmetric_v1,no_wind_global_t90_v1,light,304729,300,6.10.1 (FDS-6.10.1-0-g12efa16-release),5f3da8bb7bf024adce0e6d56962f3d623ef767406d1135923f5710aba36e1673,C:\Users\Administrator\Desktop\科研\tunnel-fire-research\fds_inputs\development\g3\d_q027_s45_x60_g25_r304729.fds,COMPLETED_ACCEPTED_G4
development,development_offset,fire,d_q036_s35,d_q036_s35_x40,d_q036_s35_x40_g25_r104729,r104729,36,12.25,12.25,3.94932708483429,3.94932708483429,3.5,"[38.25, 41.75, 3.25, 6.75]",40,40,5,0.25,no_wind_symmetric_v1,no_wind_global_t90_v1,light,104729,300,6.10.1 (FDS-6.10.1-0-g12efa16-release),6055f6efc3c5ec254f3fd59d4fc35afd4761383dfdf77904b454049e69fe90e5,C:\Users\Administrator\Desktop\科研\tunnel-fire-research\fds_inputs\development\g3\d_q036_s35_x40_g25_r104729.fds,COMPLETED_ACCEPTED_G4
development,development_offset,fire,d_q036_s35,d_q036_s35_x60,d_q036_s35_x60_g25_r104729,r104729,36,12.25,12.25,3.94932708483429,3.94932708483429,3.5,"[58.25, 61.75, 3.25, 6.75]",60,60,5,0.25,no_wind_symmetric_v1,no_wind_global_t90_v1,light,104729,300,6.10.1 (FDS-6.10.1-0-g12efa16-release),a82f653c8528a9b89c87ecb7f26a6f03790886ed4d0f5a5e9748c05738addfef,C:\Users\Administrator\Desktop\科研\tunnel-fire-research\fds_inputs\development\g3\d_q036_s35_x60_g25_r104729.fds,COMPLETED_ACCEPTED_G4
development,development_offset,fire,d_q036_s50,d_q036_s50_x40,d_q036_s50_x40_g25_r104729,r104729,36,25,25,5.64189583547756,5.64189583547756,5,"[37.5, 42.5, 2.5, 7.5]",40,40,5,0.25,no_wind_symmetric_v1,no_wind_global_t90_v1,light,104729,300,6.10.1 (FDS-6.10.1-0-g12efa16-release),dd9d900ca102f5871a2d4ca54a02085e184fde1aee27e615d3dd7763a54689e2,C:\Users\Administrator\Desktop\科研\tunnel-fire-research\fds_inputs\development\g3\d_q036_s50_x40_g25_r104729.fds,COMPLETED_ACCEPTED_G4
development,development_seed_repeat,fire,d_q036_s50,d_q036_s50_x50,d_q036_s50_x50_g25_r204729,r204729,36,25,25,5.64189583547756,5.64189583547756,5,"[47.5, 52.5, 2.5, 7.5]",50,50,5,0.25,no_wind_symmetric_v1,no_wind_global_t90_v1,light,204729,300,6.10.1 (FDS-6.10.1-0-g12efa16-release),ff6e8e5d41fdaef31d003698178531a0df713f45983f53d7ad3e946ef992d007,C:\Users\Administrator\Desktop\科研\tunnel-fire-research\fds_inputs\development\g3\d_q036_s50_x50_g25_r204729.fds,COMPLETED_ACCEPTED_G4
development,development_seed_repeat,fire,d_q036_s50,d_q036_s50_x50,d_q036_s50_x50_g25_r304729,r304729,36,25,25,5.64189583547756,5.64189583547756,5,"[47.5, 52.5, 2.5, 7.5]",50,50,5,0.25,no_wind_symmetric_v1,no_wind_global_t90_v1,light,304729,300,6.10.1 (FDS-6.10.1-0-g12efa16-release),523ac1864b487f823ea8748ae4b7ca530f1a1d5522bd4f08d6563cd5da4f58aa,C:\Users\Administrator\Desktop\科研\tunnel-fire-research\fds_inputs\development\g3\d_q036_s50_x50_g25_r304729.fds,COMPLETED_ACCEPTED_G4
development,development_offset,fire,d_q036_s50,d_q036_s50_x60,d_q036_s50_x60_g25_r104729,r104729,36,25,25,5.64189583547756,5.64189583547756,5,"[57.5, 62.5, 2.5, 7.5]",60,60,5,0.25,no_wind_symmetric_v1,no_wind_global_t90_v1,light,104729,300,6.10.1 (FDS-6.10.1-0-g12efa16-release),a42dcc0fa0f991b4be805fa1c6f374c8539ca4bef90aafd124dbe9b748f2cafe,C:\Users\Administrator\Desktop\科研\tunnel-fire-research\fds_inputs\development\g3\d_q036_s50_x60_g25_r104729.fds,COMPLETED_ACCEPTED_G4
lockbox,independent_confirmation,fire,l01,l01,l01_q022_s40_x50_g25_r104729,r104729,22,16,16,4.51351666838205,4.51351666838205,4,"[48.0, 52.0, 3.0, 7.0]",50,50,5,0.25,no_wind_symmetric_v1,no_wind_global_t90_v1,light,104729,300,6.10.1 (FDS-6.10.1-0-g12efa16-release),e08a69729c1681ac9b8436980e055b34db6abfade378cb08d61053f15f149193,C:\Users\Administrator\Desktop\科研\tunnel-fire-research\fds_inputs\lockbox\g3\l01_q022_s40_x50_g25_r104729.fds,SEALED_G3_LOCKBOX
lockbox,independent_confirmation,fire,l01,l01,l01_q022_s40_x50_g25_r204729,r204729,22,16,16,4.51351666838205,4.51351666838205,4,"[48.0, 52.0, 3.0, 7.0]",50,50,5,0.25,no_wind_symmetric_v1,no_wind_global_t90_v1,light,204729,300,6.10.1 (FDS-6.10.1-0-g12efa16-release),a2d552c6d86c2a9569ecdeee9c634790274b7ec36765526333414cc3648b0706,C:\Users\Administrator\Desktop\科研\tunnel-fire-research\fds_inputs\lockbox\g3\l01_q022_s40_x50_g25_r204729.fds,SEALED_G3_LOCKBOX
lockbox,independent_confirmation,fire,l01,l01,l01_q022_s40_x50_g25_r304729,r304729,22,16,16,4.51351666838205,4.51351666838205,4,"[48.0, 52.0, 3.0, 7.0]",50,50,5,0.25,no_wind_symmetric_v1,no_wind_global_t90_v1,light,304729,300,6.10.1 (FDS-6.10.1-0-g12efa16-release),e9d7d096e3dc636958c24fa327b877335393fc83daa4c0055b196104abe091f6,C:\Users\Administrator\Desktop\科研\tunnel-fire-research\fds_inputs\lockbox\g3\l01_q022_s40_x50_g25_r304729.fds,SEALED_G3_LOCKBOX
lockbox,independent_confirmation,fire,l02,l02,l02_q032_s40_x50_g25_r104729,r104729,32,16,16,4.51351666838205,4.51351666838205,4,"[48.0, 52.0, 3.0, 7.0]",50,50,5,0.25,no_wind_symmetric_v1,no_wind_global_t90_v1,light,104729,300,6.10.1 (FDS-6.10.1-0-g12efa16-release),c4c42d5ceb887d6b977955e84c8d0dd34472b8c3a543d3f0b7b411c41a8a39c2,C:\Users\Administrator\Desktop\科研\tunnel-fire-research\fds_inputs\lockbox\g3\l02_q032_s40_x50_g25_r104729.fds,SEALED_G3_LOCKBOX
lockbox,independent_confirmation,fire,l02,l02,l02_q032_s40_x50_g25_r204729,r204729,32,16,16,4.51351666838205,4.51351666838205,4,"[48.0, 52.0, 3.0, 7.0]",50,50,5,0.25,no_wind_symmetric_v1,no_wind_global_t90_v1,light,204729,300,6.10.1 (FDS-6.10.1-0-g12efa16-release),65339006027e3a762096788e435671285739169299c9447e6aad7029be935327,C:\Users\Administrator\Desktop\科研\tunnel-fire-research\fds_inputs\lockbox\g3\l02_q032_s40_x50_g25_r204729.fds,SEALED_G3_LOCKBOX
lockbox,independent_confirmation,fire,l02,l02,l02_q032_s40_x50_g25_r304729,r304729,32,16,16,4.51351666838205,4.51351666838205,4,"[48.0, 52.0, 3.0, 7.0]",50,50,5,0.25,no_wind_symmetric_v1,no_wind_global_t90_v1,light,304729,300,6.10.1 (FDS-6.10.1-0-g12efa16-release),bc1468085bb2661c863cce2ee4f1bb415d0ad427b69a5cb1ab2573806f1b22d4,C:\Users\Administrator\Desktop\科研\tunnel-fire-research\fds_inputs\lockbox\g3\l02_q032_s40_x50_g25_r304729.fds,SEALED_G3_LOCKBOX
lockbox,independent_confirmation,fire,l03,l03,l03_q022_s45_x42p5_g25_r104729,r104729,22,20.25,20.25,5.07770625192981,5.07770625192981,4.5,"[40.25, 44.75, 2.75, 7.25]",42.5,42.5,5,0.25,no_wind_symmetric_v1,no_wind_global_t90_v1,light,104729,300,6.10.1 (FDS-6.10.1-0-g12efa16-release),591cc63d16e5774592e8cb274c8b68d3e01ec19687473ea9945989ae245cf3fe,C:\Users\Administrator\Desktop\科研\tunnel-fire-research\fds_inputs\lockbox\g3\l03_q022_s45_x42p5_g25_r104729.fds,SEALED_G3_LOCKBOX
lockbox,independent_confirmation,fire,l04,l04,l04_q022_s45_x57p5_g25_r104729,r104729,22,20.25,20.25,5.07770625192981,5.07770625192981,4.5,"[55.25, 59.75, 2.75, 7.25]",57.5,57.5,5,0.25,no_wind_symmetric_v1,no_wind_global_t90_v1,light,104729,300,6.10.1 (FDS-6.10.1-0-g12efa16-release),197415fb7c491f0a459231b6ffa73942a30f890e497707a41950d7a9957398b6,C:\Users\Administrator\Desktop\科研\tunnel-fire-research\fds_inputs\lockbox\g3\l04_q022_s45_x57p5_g25_r104729.fds,SEALED_G3_LOCKBOX
lockbox,independent_confirmation,fire,l05,l05,l05_q032_s50_x42p5_g25_r104729,r104729,32,25,25,5.64189583547756,5.64189583547756,5,"[40.0, 45.0, 2.5, 7.5]",42.5,42.5,5,0.25,no_wind_symmetric_v1,no_wind_global_t90_v1,light,104729,300,6.10.1 (FDS-6.10.1-0-g12efa16-release),47ed703b9ceac41f9cdc954b672fcc473d412fde382b92309a58fa74c0a0dde7,C:\Users\Administrator\Desktop\科研\tunnel-fire-research\fds_inputs\lockbox\g3\l05_q032_s50_x42p5_g25_r104729.fds,SEALED_G3_LOCKBOX
lockbox,independent_confirmation,fire,l06,l06,l06_q032_s50_x57p5_g25_r104729,r104729,32,25,25,5.64189583547756,5.64189583547756,5,"[55.0, 60.0, 2.5, 7.5]",57.5,57.5,5,0.25,no_wind_symmetric_v1,no_wind_global_t90_v1,light,104729,300,6.10.1 (FDS-6.10.1-0-g12efa16-release),aaeca8ad5d62a49230dea9cc9ecf002d71b609a30375924e66ae30eeda6123d7,C:\Users\Administrator\Desktop\科研\tunnel-fire-research\fds_inputs\lockbox\g3\l06_q032_s50_x57p5_g25_r104729.fds,SEALED_G3_LOCKBOX
lockbox,independent_confirmation,fire,l07,l07,l07_q018_s40_x42p5_g25_r104729,r104729,18,16,16,4.51351666838205,4.51351666838205,4,"[40.5, 44.5, 3.0, 7.0]",42.5,42.5,5,0.25,no_wind_symmetric_v1,no_wind_global_t90_v1,light,104729,300,6.10.1 (FDS-6.10.1-0-g12efa16-release),2dcd099175e21e9d7f040f8d50a1f2253642da615fd13b9cef39536bd4badd2a,C:\Users\Administrator\Desktop\科研\tunnel-fire-research\fds_inputs\lockbox\g3\l07_q018_s40_x42p5_g25_r104729.fds,SEALED_G3_LOCKBOX
lockbox,independent_confirmation,fire,l08,l08,l08_q018_s40_x57p5_g25_r104729,r104729,18,16,16,4.51351666838205,4.51351666838205,4,"[55.5, 59.5, 3.0, 7.0]",57.5,57.5,5,0.25,no_wind_symmetric_v1,no_wind_global_t90_v1,light,104729,300,6.10.1 (FDS-6.10.1-0-g12efa16-release),7846b5fb4fdbfdad469c5c49797bccb917153db1e305676421ebecf0da6f2840,C:\Users\Administrator\Desktop\科研\tunnel-fire-research\fds_inputs\lockbox\g3\l08_q018_s40_x57p5_g25_r104729.fds,SEALED_G3_LOCKBOX
lockbox,independent_confirmation,fire,l09,l09,l09_q036_s40_x42p5_g25_r104729,r104729,36,16,16,4.51351666838205,4.51351666838205,4,"[40.5, 44.5, 3.0, 7.0]",42.5,42.5,5,0.25,no_wind_symmetric_v1,no_wind_global_t90_v1,light,104729,300,6.10.1 (FDS-6.10.1-0-g12efa16-release),1000d7a474e52f3a70de6e1995dd615143134ea8b836d6752ed88e478f46d3db,C:\Users\Administrator\Desktop\科研\tunnel-fire-research\fds_inputs\lockbox\g3\l09_q036_s40_x42p5_g25_r104729.fds,SEALED_G3_LOCKBOX
lockbox,independent_confirmation,fire,l10,l10,l10_q036_s40_x57p5_g25_r104729,r104729,36,16,16,4.51351666838205,4.51351666838205,4,"[55.5, 59.5, 3.0, 7.0]",57.5,57.5,5,0.25,no_wind_symmetric_v1,no_wind_global_t90_v1,light,104729,300,6.10.1 (FDS-6.10.1-0-g12efa16-release),e2df0b1379e9946daa94323d259518ae063ffbd63d7b6cd564ef30df277a8108,C:\Users\Administrator\Desktop\科研\tunnel-fire-research\fds_inputs\lockbox\g3\l10_q036_s40_x57p5_g25_r104729.fds,SEALED_G3_LOCKBOX
