chid,case_group,Q,U,Df,dx,L,x_fire,T_end,n_mesh_x,n_mesh_y,n_mesh_z,note
gsA_c,grid_low_weak,10,1.0,3.0,0.5,100,50,300,11,1,2,低功率弱风 · 粗网格(0.5m)
gsA_m,grid_low_weak,10,1.0,3.0,0.25,100,50,300,11,1,2,低功率弱风 · 中网格(0.25m) [纳入68组DB]
gsA_f,grid_low_weak,10,1.0,3.0,0.125,100,50,300,11,1,2,低功率弱风 · 细网格(0.125m)
gsB_c,grid_mid_crit,40,2.5,5.0,0.5,100,50,300,11,1,2,中功率临界风 · 粗网格(0.5m)
gsB_m,grid_mid_crit,40,2.5,5.0,0.25,100,50,300,11,1,2,中功率临界风 · 中网格(0.25m) [纳入68组DB; = 基准模型]
gsB_f,grid_mid_crit,40,2.5,5.0,0.125,100,50,300,11,1,2,中功率临界风 · 细网格(0.125m)
gsC_c,grid_high_strong,80,4.5,7.0,0.5,100,50,300,11,1,2,高功率强风 · 粗网格(0.5m)
gsC_m,grid_high_strong,80,4.5,7.0,0.25,100,50,300,11,1,2,高功率强风 · 中网格(0.25m) [纳入68组DB]
gsC_f,grid_high_strong,80,4.5,7.0,0.125,100,50,300,11,1,2,高功率强风 · 细网格(0.125m)
