Q_MW,x_f_m,objective,evidence_label
20.0,40.0,173.3811582548878,SYNTHETIC_SOFTWARE_TEST_NOT_SCIENTIFIC_EVIDENCE
20.0,40.5,164.26425051404993,SYNTHETIC_SOFTWARE_TEST_NOT_SCIENTIFIC_EVIDENCE
20.0,41.0,157.90519235879972,SYNTHETIC_SOFTWARE_TEST_NOT_SCIENTIFIC_EVIDENCE
20.0,41.5,154.21329007783936,SYNTHETIC_SOFTWARE_TEST_NOT_SCIENTIFIC_EVIDENCE
20.0,42.0,153.18665889114,SYNTHETIC_SOFTWARE_TEST_NOT_SCIENTIFIC_EVIDENCE
20.0,42.5,154.91001918757462,SYNTHETIC_SOFTWARE_TEST_NOT_SCIENTIFIC_EVIDENCE
20.0,43.0,159.55500519888156,SYNTHETIC_SOFTWARE_TEST_NOT_SCIENTIFIC_EVIDENCE
20.0,43.5,167.38290509552314,SYNTHETIC_SOFTWARE_TEST_NOT_SCIENTIFIC_EVIDENCE
20.0,44.0,178.7498212408341,SYNTHETIC_SOFTWARE_TEST_NOT_SCIENTIFIC_EVIDENCE
20.0,44.5,153.1664339956429,SYNTHETIC_SOFTWARE_TEST_NOT_SCIENTIFIC_EVIDENCE
20.0,45.0,131.39616336317005,SYNTHETIC_SOFTWARE_TEST_NOT_SCIENTIFIC_EVIDENCE
20.0,45.5,113.39941407409952,SYNTHETIC_SOFTWARE_TEST_NOT_SCIENTIFIC_EVIDENCE
20.0,46.0,98.43268970426031,SYNTHETIC_SOFTWARE_TEST_NOT_SCIENTIFIC_EVIDENCE
20.0,46.5,85.8937877999232,SYNTHETIC_SOFTWARE_TEST_NOT_SCIENTIFIC_EVIDENCE
20.0,47.0,75.29887433541406,SYNTHETIC_SOFTWARE_TEST_NOT_SCIENTIFIC_EVIDENCE
20.0,47.5,66.26388997449857,SYNTHETIC_SOFTWARE_TEST_NOT_SCIENTIFIC_EVIDENCE
20.0,48.0,58.489603548338295,SYNTHETIC_SOFTWARE_TEST_NOT_SCIENTIFIC_EVIDENCE
20.0,48.5,51.749755724178364,SYNTHETIC_SOFTWARE_TEST_NOT_SCIENTIFIC_EVIDENCE
20.0,49.0,45.88184318366394,SYNTHETIC_SOFTWARE_TEST_NOT_SCIENTIFIC_EVIDENCE
20.0,49.5,40.7801844795406,SYNTHETIC_SOFTWARE_TEST_NOT_SCIENTIFIC_EVIDENCE
20.0,50.0,36.390986221552524,SYNTHETIC_SOFTWARE_TEST_NOT_SCIENTIFIC_EVIDENCE
20.0,50.5,32.70919499741947,SYNTHETIC_SOFTWARE_TEST_NOT_SCIENTIFIC_EVIDENCE
20.0,51.0,29.776978708292088,SYNTHETIC_SOFTWARE_TEST_NOT_SCIENTIFIC_EVIDENCE
20.0,51.5,27.68373271674772,SYNTHETIC_SOFTWARE_TEST_NOT_SCIENTIFIC_EVIDENCE
20.0,52.0,26.567553042080593,SYNTHETIC_SOFTWARE_TEST_NOT_SCIENTIFIC_EVIDENCE
20.0,52.5,26.61816226694174,SYNTHETIC_SOFTWARE_TEST_NOT_SCIENTIFIC_EVIDENCE
20.0,53.0,28.081315165524767,SYNTHETIC_SOFTWARE_TEST_NOT_SCIENTIFIC_EVIDENCE
20.0,53.5,31.264751542316095,SYNTHETIC_SOFTWARE_TEST_NOT_SCIENTIFIC_EVIDENCE
20.0,54.0,36.545804526805206,SYNTHETIC_SOFTWARE_TEST_NOT_SCIENTIFIC_EVIDENCE
20.0,54.5,36.33515152158922,SYNTHETIC_SOFTWARE_TEST_NOT_SCIENTIFIC_EVIDENCE
20.0,55.0,40.01358649582932,SYNTHETIC_SOFTWARE_TEST_NOT_SCIENTIFIC_EVIDENCE
20.0,55.5,47.03760718152777,SYNTHETIC_SOFTWARE_TEST_NOT_SCIENTIFIC_EVIDENCE
20.0,56.0,56.8520009521451,SYNTHETIC_SOFTWARE_TEST_NOT_SCIENTIFIC_EVIDENCE
20.0,56.5,69.05172232943073,SYNTHETIC_SOFTWARE_TEST_NOT_SCIENTIFIC_EVIDENCE
20.0,57.0,83.36029566483904,SYNTHETIC_SOFTWARE_TEST_NOT_SCIENTIFIC_EVIDENCE
20.0,57.5,99.6129772785879,SYNTHETIC_SOFTWARE_TEST_NOT_SCIENTIFIC_EVIDENCE
20.0,58.0,117.74399578134376,SYNTHETIC_SOFTWARE_TEST_NOT_SCIENTIFIC_EVIDENCE
20.0,58.5,137.77733021588196,SYNTHETIC_SOFTWARE_TEST_NOT_SCIENTIFIC_EVIDENCE
20.0,59.0,159.82060607370667,SYNTHETIC_SOFTWARE_TEST_NOT_SCIENTIFIC_EVIDENCE
20.0,59.5,184.0617932679085,SYNTHETIC_SOFTWARE_TEST_NOT_SCIENTIFIC_EVIDENCE
20.0,60.0,210.7684812735734,SYNTHETIC_SOFTWARE_TEST_NOT_SCIENTIFIC_EVIDENCE
21.0,40.0,176.39304729066208,SYNTHETIC_SOFTWARE_TEST_NOT_SCIENTIFIC_EVIDENCE
21.0,40.5,166.88695070840905,SYNTHETIC_SOFTWARE_TEST_NOT_SCIENTIFIC_EVIDENCE
21.0,41.0,160.45254378014215,SYNTHETIC_SOFTWARE_TEST_NOT_SCIENTIFIC_EVIDENCE
21.0,41.5,156.99318464460282,SYNTHETIC_SOFTWARE_TEST_NOT_SCIENTIFIC_EVIDENCE
21.0,42.0,156.51031464872253,SYNTHETIC_SOFTWARE_TEST_NOT_SCIENTIFIC_EVIDENCE
21.0,42.5,159.1010495092071,SYNTHETIC_SOFTWARE_TEST_NOT_SCIENTIFIC_EVIDENCE
21.0,43.0,164.95854134701352,SYNTHETIC_SOFTWARE_TEST_NOT_SCIENTIFIC_EVIDENCE
21.0,43.5,174.37502240760176,SYNTHETIC_SOFTWARE_TEST_NOT_SCIENTIFIC_EVIDENCE
21.0,44.0,187.7475181847191,SYNTHETIC_SOFTWARE_TEST_NOT_SCIENTIFIC_EVIDENCE
21.0,44.5,159.23898520037523,SYNTHETIC_SOFTWARE_TEST_NOT_SCIENTIFIC_EVIDENCE
21.0,45.0,134.9887025951836,SYNTHETIC_SOFTWARE_TEST_NOT_SCIENTIFIC_EVIDENCE
21.0,45.5,114.97524282910116,SYNTHETIC_SOFTWARE_TEST_NOT_SCIENTIFIC_EVIDENCE
21.0,46.0,98.37621995356132,SYNTHETIC_SOFTWARE_TEST_NOT_SCIENTIFIC_EVIDENCE
21.0,46.5,84.52558421422543,SYNTHETIC_SOFTWARE_TEST_NOT_SCIENTIFIC_EVIDENCE
21.0,47.0,72.88832110347984,SYNTHETIC_SOFTWARE_TEST_NOT_SCIENTIFIC_EVIDENCE
21.0,47.5,63.039930394616405,SYNTHETIC_SOFTWARE_TEST_NOT_SCIENTIFIC_EVIDENCE
21.0,48.0,54.64993017186979,SYNTHETIC_SOFTWARE_TEST_NOT_SCIENTIFIC_EVIDENCE
21.0,48.5,47.46877153841593,SYNTHETIC_SOFTWARE_TEST_NOT_SCIENTIFIC_EVIDENCE
21.0,49.0,41.31766806157098,SYNTHETIC_SOFTWARE_TEST_NOT_SCIENTIFIC_EVIDENCE
21.0,49.5,36.08094420423021,SYNTHETIC_SOFTWARE_TEST_NOT_SCIENTIFIC_EVIDENCE
21.0,50.0,31.700592441885767,SYNTHETIC_SOFTWARE_TEST_NOT_SCIENTIFIC_EVIDENCE
21.0,50.5,28.172802387059377,SYNTHETIC_SOFTWARE_TEST_NOT_SCIENTIFIC_EVIDENCE
21.0,51.0,25.546289513480467,SYNTHETIC_SOFTWARE_TEST_NOT_SCIENTIFIC_EVIDENCE
21.0,51.5,23.922308115194998,SYNTHETIC_SOFTWARE_TEST_NOT_SCIENTIFIC_EVIDENCE
21.0,52.0,23.45628479553851,SYNTHETIC_SOFTWARE_TEST_NOT_SCIENTIFIC_EVIDENCE
21.0,52.5,24.361056683441277,SYNTHETIC_SOFTWARE_TEST_NOT_SCIENTIFIC_EVIDENCE
21.0,53.0,26.911744179975315,SYNTHETIC_SOFTWARE_TEST_NOT_SCIENTIFIC_EVIDENCE
21.0,53.5,31.452332687026168,SYNTHETIC_SOFTWARE_TEST_NOT_SCIENTIFIC_EVIDENCE
21.0,54.0,38.40408272484605,SYNTHETIC_SOFTWARE_TEST_NOT_SCIENTIFIC_EVIDENCE
21.0,54.5,36.55360460520601,SYNTHETIC_SOFTWARE_TEST_NOT_SCIENTIFIC_EVIDENCE
21.0,55.0,39.07865160614349,SYNTHETIC_SOFTWARE_TEST_NOT_SCIENTIFIC_EVIDENCE
21.0,55.5,45.42707887420068,SYNTHETIC_SOFTWARE_TEST_NOT_SCIENTIFIC_EVIDENCE
21.0,56.0,54.97453737226245,SYNTHETIC_SOFTWARE_TEST_NOT_SCIENTIFIC_EVIDENCE
21.0,56.5,67.2633192283562,SYNTHETIC_SOFTWARE_TEST_NOT_SCIENTIFIC_EVIDENCE
21.0,57.0,81.97844894992248,SYNTHETIC_SOFTWARE_TEST_NOT_SCIENTIFIC_EVIDENCE
21.0,57.5,98.92903061422513,SYNTHETIC_SOFTWARE_TEST_NOT_SCIENTIFIC_EVIDENCE
21.0,58.0,118.03409914753324,SYNTHETIC_SOFTWARE_TEST_NOT_SCIENTIFIC_EVIDENCE
21.0,58.5,139.3123792311079,SYNTHETIC_SOFTWARE_TEST_NOT_SCIENTIFIC_EVIDENCE
21.0,59.0,162.87548819573698,SYNTHETIC_SOFTWARE_TEST_NOT_SCIENTIFIC_EVIDENCE
21.0,59.5,188.9242340131216,SYNTHETIC_SOFTWARE_TEST_NOT_SCIENTIFIC_EVIDENCE
21.0,60.0,217.74776001566306,SYNTHETIC_SOFTWARE_TEST_NOT_SCIENTIFIC_EVIDENCE
22.0,40.0,179.80962835130492,SYNTHETIC_SOFTWARE_TEST_NOT_SCIENTIFIC_EVIDENCE
22.0,40.5,169.92069117007722,SYNTHETIC_SOFTWARE_TEST_NOT_SCIENTIFIC_EVIDENCE
22.0,41.0,163.4340406244838,SYNTHETIC_SOFTWARE_TEST_NOT_SCIENTIFIC_EVIDENCE
22.0,41.5,160.24695208764834,SYNTHETIC_SOFTWARE_TEST_NOT_SCIENTIFIC_EVIDENCE
22.0,42.0,160.36451878260186,SYNTHETIC_SOFTWARE_TEST_NOT_SCIENTIFIC_EVIDENCE
22.0,42.5,163.89702883087213,SYNTHETIC_SOFTWARE_TEST_NOT_SCIENTIFIC_EVIDENCE
22.0,43.0,171.0603842595529,SYNTHETIC_SOFTWARE_TEST_NOT_SCIENTIFIC_EVIDENCE
22.0,43.5,182.17946421447962,SYNTHETIC_SOFTWARE_TEST_NOT_SCIENTIFIC_EVIDENCE
22.0,44.0,197.69441903526425,SYNTHETIC_SOFTWARE_TEST_NOT_SCIENTIFIC_EVIDENCE
22.0,44.5,166.1039806568255,SYNTHETIC_SOFTWARE_TEST_NOT_SCIENTIFIC_EVIDENCE
22.0,45.0,139.2411624178586,SYNTHETIC_SOFTWARE_TEST_NOT_SCIENTIFIC_EVIDENCE
22.0,45.5,117.10462331642525,SYNTHETIC_SOFTWARE_TEST_NOT_SCIENTIFIC_EVIDENCE
22.0,46.0,98.78911505068875,SYNTHETIC_SOFTWARE_TEST_NOT_SCIENTIFIC_EVIDENCE
22.0,46.5,83.56152750113677,SYNTHETIC_SOFTWARE_TEST_NOT_SCIENTIFIC_EVIDENCE
22.0,47.0,70.83309531815362,SYNTHETIC_SOFTWARE_TEST_NOT_SCIENTIFIC_EVIDENCE
22.0,47.5,60.13685472516111,SYNTHETIC_SOFTWARE_TEST_NOT_SCIENTIFIC_EVIDENCE
22.0,48.0,51.10952170818259,SYNTHETIC_SOFTWARE_TEST_NOT_SCIENTIFIC_EVIDENCE
22.0,48.5,43.47711717799803,SYNTHETIC_SOFTWARE_TEST_NOT_SCIENTIFIC_EVIDENCE
22.0,49.0,37.04379464012687,SYNTHETIC_SOFTWARE_TEST_NOT_SCIENTIFIC_EVIDENCE
22.0,49.5,31.68343589451999,SYNTHETIC_SOFTWARE_TEST_NOT_SCIENTIFIC_EVIDENCE
22.0,50.0,27.333674095299468,SYNTHETIC_SOFTWARE_TEST_NOT_SCIENTIFIC_EVIDENCE
22.0,50.5,23.99208432697148,SYNTHETIC_SOFTWARE_TEST_NOT_SCIENTIFIC_EVIDENCE
22.0,51.0,21.7143524146558,SYNTHETIC_SOFTWARE_TEST_NOT_SCIENTIFIC_EVIDENCE
22.0,51.5,20.61429531370887,SYNTHETIC_SOFTWARE_TEST_NOT_SCIENTIFIC_EVIDENCE
22.0,52.0,20.865663143229117,SYNTHETIC_SOFTWARE_TEST_NOT_SCIENTIFIC_EVIDENCE
22.0,52.5,22.705705522916215,SYNTHETIC_SOFTWARE_TEST_NOT_SCIENTIFIC_EVIDENCE
22.0,53.0,26.440534946260495,SYNTHETIC_SOFTWARE_TEST_NOT_SCIENTIFIC_EVIDENCE
22.0,53.5,32.45236894656324,SYNTHETIC_SOFTWARE_TEST_NOT_SCIENTIFIC_EVIDENCE
22.0,54.0,41.208782171438266,SYNTHETIC_SOFTWARE_TEST_NOT_SCIENTIFIC_EVIDENCE
22.0,54.5,37.563308226501505,SYNTHETIC_SOFTWARE_TEST_NOT_SCIENTIFIC_EVIDENCE
22.0,55.0,38.807604423468334,SYNTHETIC_SOFTWARE_TEST_NOT_SCIENTIFIC_EVIDENCE
22.0,55.5,44.3826483260818,SYNTHETIC_SOFTWARE_TEST_NOT_SCIENTIFIC_EVIDENCE
22.0,56.0,53.591013936246426,SYNTHETIC_SOFTWARE_TEST_NOT_SCIENTIFIC_EVIDENCE
22.0,56.5,65.91924431019058,SYNTHETIC_SOFTWARE_TEST_NOT_SCIENTIFIC_EVIDENCE
22.0,57.0,81.01151401023743,SYNTHETIC_SOFTWARE_TEST_NOT_SCIENTIFIC_EVIDENCE
22.0,57.5,98.64906867460492,SYNTHETIC_SOFTWARE_TEST_NOT_SCIENTIFIC_EVIDENCE
22.0,58.0,118.73461572469527,SYNTHETIC_SOFTWARE_TEST_NOT_SCIENTIFIC_EVIDENCE
22.0,58.5,141.281010878955,SYNTHETIC_SOFTWARE_TEST_NOT_SCIENTIFIC_EVIDENCE
22.0,59.0,166.40373098028482,SYNTHETIC_SOFTWARE_TEST_NOT_SCIENTIFIC_EVIDENCE
22.0,59.5,194.3167496364212,SYNTHETIC_SOFTWARE_TEST_NOT_SCIENTIFIC_EVIDENCE
22.0,60.0,225.33154254980025,SYNTHETIC_SOFTWARE_TEST_NOT_SCIENTIFIC_EVIDENCE
23.0,40.0,183.63090143681623,SYNTHETIC_SOFTWARE_TEST_NOT_SCIENTIFIC_EVIDENCE
23.0,40.5,173.3654718990546,SYNTHETIC_SOFTWARE_TEST_NOT_SCIENTIFIC_EVIDENCE
23.0,41.0,166.84968289182453,SYNTHETIC_SOFTWARE_TEST_NOT_SCIENTIFIC_EVIDENCE
23.0,41.5,163.9745924069758,SYNTHETIC_SOFTWARE_TEST_NOT_SCIENTIFIC_EVIDENCE
23.0,42.0,164.74927129277776,SYNTHETIC_SOFTWARE_TEST_NOT_SCIENTIFIC_EVIDENCE
23.0,42.5,169.29795715256992,SYNTHETIC_SOFTWARE_TEST_NOT_SCIENTIFIC_EVIDENCE
23.0,43.0,177.8605339364996,SYNTHETIC_SOFTWARE_TEST_NOT_SCIENTIFIC_EVIDENCE
23.0,43.5,190.79623051615667,SYNTHETIC_SOFTWARE_TEST_NOT_SCIENTIFIC_EVIDENCE
23.0,44.0,208.59052379246975,SYNTHETIC_SOFTWARE_TEST_NOT_SCIENTIFIC_EVIDENCE
23.0,44.5,173.76142036499382,SYNTHETIC_SOFTWARE_TEST_NOT_SCIENTIFIC_EVIDENCE
23.0,45.0,144.15354283119493,SYNTHETIC_SOFTWARE_TEST_NOT_SCIENTIFIC_EVIDENCE
23.0,45.5,119.78755553607189,SYNTHETIC_SOFTWARE_TEST_NOT_SCIENTIFIC_EVIDENCE
23.0,46.0,99.6713749956426,SYNTHETIC_SOFTWARE_TEST_NOT_SCIENTIFIC_EVIDENCE
23.0,46.5,83.00161766065715,SYNTHETIC_SOFTWARE_TEST_NOT_SCIENTIFIC_EVIDENCE
23.0,47.0,69.13319697943545,SYNTHETIC_SOFTWARE_TEST_NOT_SCIENTIFIC_EVIDENCE
23.0,47.5,57.554662966132675,SYNTHETIC_SOFTWARE_TEST_NOT_SCIENTIFIC_EVIDENCE
23.0,48.0,47.86837815727671,SYNTHETIC_SOFTWARE_TEST_NOT_SCIENTIFIC_EVIDENCE
23.0,48.5,39.774792642924716,SYNTHETIC_SOFTWARE_TEST_NOT_SCIENTIFIC_EVIDENCE
23.0,49.0,33.06022291933165,SYNTHETIC_SOFTWARE_TEST_NOT_SCIENTIFIC_EVIDENCE
23.0,49.5,27.587659550409963,SYNTHETIC_SOFTWARE_TEST_NOT_SCIENTIFIC_EVIDENCE
23.0,50.0,23.29023118179362,SYNTHETIC_SOFTWARE_TEST_NOT_SCIENTIFIC_EVIDENCE
23.0,50.5,20.1670408171558,SYNTHETIC_SOFTWARE_TEST_NOT_SCIENTIFIC_EVIDENCE
23.0,51.0,18.281167411818103,SYNTHETIC_SOFTWARE_TEST_NOT_SCIENTIFIC_EVIDENCE
23.0,51.5,17.75969431228933,SYNTHETIC_SOFTWARE_TEST_NOT_SCIENTIFIC_EVIDENCE
23.0,52.0,18.79568808515241,SYNTHETIC_SOFTWARE_TEST_NOT_SCIENTIFIC_EVIDENCE
23.0,52.5,21.652108785366554,SYNTHETIC_SOFTWARE_TEST_NOT_SCIENTIFIC_EVIDENCE
23.0,53.0,26.667687464380275,SYNTHETIC_SOFTWARE_TEST_NOT_SCIENTIFIC_EVIDENCE
23.0,53.5,34.26486032092732,SYNTHETIC_SOFTWARE_TEST_NOT_SCIENTIFIC_EVIDENCE
23.0,54.0,44.95990286658191,SYNTHETIC_SOFTWARE_TEST_NOT_SCIENTIFIC_EVIDENCE
23.0,54.5,39.36426238547574,SYNTHETIC_SOFTWARE_TEST_NOT_SCIENTIFIC_EVIDENCE
23.0,55.0,39.20044494780384,SYNTHETIC_SOFTWARE_TEST_NOT_SCIENTIFIC_EVIDENCE
23.0,55.5,43.90431553717109,SYNTHETIC_SOFTWARE_TEST_NOT_SCIENTIFIC_EVIDENCE
23.0,56.0,52.701430644097016,SYNTHETIC_SOFTWARE_TEST_NOT_SCIENTIFIC_EVIDENCE
23.0,56.5,65.01949757493384,SYNTHETIC_SOFTWARE_TEST_NOT_SCIENTIFIC_EVIDENCE
23.0,57.0,80.45949084578388,SYNTHETIC_SOFTWARE_TEST_NOT_SCIENTIFIC_EVIDENCE
23.0,57.5,98.77309145972735,SYNTHETIC_SOFTWARE_TEST_NOT_SCIENTIFIC_EVIDENCE
23.0,58.0,119.84554551282983,SYNTHETIC_SOFTWARE_TEST_NOT_SCIENTIFIC_EVIDENCE
23.0,58.5,143.683225159423,SYNTHETIC_SOFTWARE_TEST_NOT_SCIENTIFIC_EVIDENCE
23.0,59.0,170.40533442735025,SYNTHETIC_SOFTWARE_TEST_NOT_SCIENTIFIC_EVIDENCE
23.0,59.5,200.23934013780712,SYNTHETIC_SOFTWARE_TEST_NOT_SCIENTIFIC_EVIDENCE
23.0,60.0,233.51982887598513,SYNTHETIC_SOFTWARE_TEST_NOT_SCIENTIFIC_EVIDENCE
24.0,40.0,187.85686654719603,SYNTHETIC_SOFTWARE_TEST_NOT_SCIENTIFIC_EVIDENCE
24.0,40.5,177.22129289534107,SYNTHETIC_SOFTWARE_TEST_NOT_SCIENTIFIC_EVIDENCE
24.0,41.0,170.69947058216457,SYNTHETIC_SOFTWARE_TEST_NOT_SCIENTIFIC_EVIDENCE
24.0,41.5,168.1761056025853,SYNTHETIC_SOFTWARE_TEST_NOT_SCIENTIFIC_EVIDENCE
24.0,42.0,169.6645721792504,SYNTHETIC_SOFTWARE_TEST_NOT_SCIENTIFIC_EVIDENCE
24.0,42.5,175.30383447430037,SYNTHETIC_SOFTWARE_TEST_NOT_SCIENTIFIC_EVIDENCE
24.0,43.0,185.35899037785367,SYNTHETIC_SOFTWARE_TEST_NOT_SCIENTIFIC_EVIDENCE
24.0,43.5,200.225321312633,SYNTHETIC_SOFTWARE_TEST_NOT_SCIENTIFIC_EVIDENCE
24.0,44.0,220.43583245633548,SYNTHETIC_SOFTWARE_TEST_NOT_SCIENTIFIC_EVIDENCE
24.0,44.5,182.2113043248803,SYNTHETIC_SOFTWARE_TEST_NOT_SCIENTIFIC_EVIDENCE
24.0,45.0,149.72584383519273,SYNTHETIC_SOFTWARE_TEST_NOT_SCIENTIFIC_EVIDENCE
24.0,45.5,123.02403948804094,SYNTHETIC_SOFTWARE_TEST_NOT_SCIENTIFIC_EVIDENCE
24.0,46.0,101.0229997884229,SYNTHETIC_SOFTWARE_TEST_NOT_SCIENTIFIC_EVIDENCE
24.0,46.5,82.84585469278662,SYNTHETIC_SOFTWARE_TEST_NOT_SCIENTIFIC_EVIDENCE
24.0,47.0,67.78862608732528,SYNTHETIC_SOFTWARE_TEST_NOT_SCIENTIFIC_EVIDENCE
24.0,47.5,55.29335511753113,SYNTHETIC_SOFTWARE_TEST_NOT_SCIENTIFIC_EVIDENCE
24.0,48.0,44.92649951915213,SYNTHETIC_SOFTWARE_TEST_NOT_SCIENTIFIC_EVIDENCE
24.0,48.5,36.36179793319593,SYNTHETIC_SOFTWARE_TEST_NOT_SCIENTIFIC_EVIDENCE
24.0,49.0,29.36695289918526,SYNTHETIC_SOFTWARE_TEST_NOT_SCIENTIFIC_EVIDENCE
24.0,49.5,23.793615171900093,SYNTHETIC_SOFTWARE_TEST_NOT_SCIENTIFIC_EVIDENCE
24.0,50.0,19.57026370136824,SYNTHETIC_SOFTWARE_TEST_NOT_SCIENTIFIC_EVIDENCE
24.0,50.5,16.697671857612296,SYNTHETIC_SOFTWARE_TEST_NOT_SCIENTIFIC_EVIDENCE
24.0,51.0,15.246734504967344,SYNTHETIC_SOFTWARE_TEST_NOT_SCIENTIFIC_EVIDENCE
24.0,51.5,15.358505110936353,SYNTHETIC_SOFTWARE_TEST_NOT_SCIENTIFIC_EVIDENCE
24.0,52.0,17.246359621308372,SYNTHETIC_SOFTWARE_TEST_NOT_SCIENTIFIC_EVIDENCE
24.0,52.5,21.200266470792315,SYNTHETIC_SOFTWARE_TEST_NOT_SCIENTIFIC_EVIDENCE
24.0,53.0,27.593201734334713,SYNTHETIC_SOFTWARE_TEST_NOT_SCIENTIFIC_EVIDENCE
24.0,53.5,36.88980681011843,SYNTHETIC_SOFTWARE_TEST_NOT_SCIENTIFIC_EVIDENCE
24.0,54.0,49.65744481027702,SYNTHETIC_SOFTWARE_TEST_NOT_SCIENTIFIC_EVIDENCE
24.0,54.5,41.95646708212871,SYNTHETIC_SOFTWARE_TEST_NOT_SCIENTIFIC_EVIDENCE
24.0,55.0,40.257173179150016,SYNTHETIC_SOFTWARE_TEST_NOT_SCIENTIFIC_EVIDENCE
24.0,55.5,43.992080507468536,SYNTHETIC_SOFTWARE_TEST_NOT_SCIENTIFIC_EVIDENCE
24.0,56.0,52.305787495814194,SYNTHETIC_SOFTWARE_TEST_NOT_SCIENTIFIC_EVIDENCE
24.0,56.5,64.56407902258597,SYNTHETIC_SOFTWARE_TEST_NOT_SCIENTIFIC_EVIDENCE
24.0,57.0,80.32237945656183,SYNTHETIC_SOFTWARE_TEST_NOT_SCIENTIFIC_EVIDENCE
24.0,57.5,99.30109896959229,SYNTHETIC_SOFTWARE_TEST_NOT_SCIENTIFIC_EVIDENCE
24.0,58.0,121.36688851193698,SYNTHETIC_SOFTWARE_TEST_NOT_SCIENTIFIC_EVIDENCE
24.0,58.5,146.51902207251217,SYNTHETIC_SOFTWARE_TEST_NOT_SCIENTIFIC_EVIDENCE
24.0,59.0,174.8802985369333,SYNTHETIC_SOFTWARE_TEST_NOT_SCIENTIFIC_EVIDENCE
24.0,59.5,206.6920055172795,SYNTHETIC_SOFTWARE_TEST_NOT_SCIENTIFIC_EVIDENCE
24.0,60.0,242.3126189942176,SYNTHETIC_SOFTWARE_TEST_NOT_SCIENTIFIC_EVIDENCE
25.0,40.0,192.48752368244436,SYNTHETIC_SOFTWARE_TEST_NOT_SCIENTIFIC_EVIDENCE
25.0,40.5,181.48815415893668,SYNTHETIC_SOFTWARE_TEST_NOT_SCIENTIFIC_EVIDENCE
25.0,41.0,174.98340369550374,SYNTHETIC_SOFTWARE_TEST_NOT_SCIENTIFIC_EVIDENCE
25.0,41.5,172.85149167447668,SYNTHETIC_SOFTWARE_TEST_NOT_SCIENTIFIC_EVIDENCE
25.0,42.0,175.1104214420196,SYNTHETIC_SOFTWARE_TEST_NOT_SCIENTIFIC_EVIDENCE
25.0,42.5,181.9146607960635,SYNTHETIC_SOFTWARE_TEST_NOT_SCIENTIFIC_EVIDENCE
25.0,43.0,193.55575358361511,SYNTHETIC_SOFTWARE_TEST_NOT_SCIENTIFIC_EVIDENCE
25.0,43.5,210.46673660390852,SYNTHETIC_SOFTWARE_TEST_NOT_SCIENTIFIC_EVIDENCE
25.0,44.0,233.23034502686136,SYNTHETIC_SOFTWARE_TEST_NOT_SCIENTIFIC_EVIDENCE
25.0,44.5,191.45363253648475,SYNTHETIC_SOFTWARE_TEST_NOT_SCIENTIFIC_EVIDENCE
25.0,45.0,155.95806542985179,SYNTHETIC_SOFTWARE_TEST_NOT_SCIENTIFIC_EVIDENCE
25.0,45.5,126.81407517233252,SYNTHETIC_SOFTWARE_TEST_NOT_SCIENTIFIC_EVIDENCE
25.0,46.0,102.84398942902955,SYNTHETIC_SOFTWARE_TEST_NOT_SCIENTIFIC_EVIDENCE
25.0,46.5,83.0942385975252,SYNTHETIC_SOFTWARE_TEST_NOT_SCIENTIFIC_EVIDENCE
25.0,47.0,66.79938264182317,SYNTHETIC_SOFTWARE_TEST_NOT_SCIENTIFIC_EVIDENCE
25.0,47.5,53.352931179356446,SYNTHETIC_SOFTWARE_TEST_NOT_SCIENTIFIC_EVIDENCE
25.0,48.0,42.283885793808885,SYNTHETIC_SOFTWARE_TEST_NOT_SCIENTIFIC_EVIDENCE
25.0,48.5,33.23813304881174,SYNTHETIC_SOFTWARE_TEST_NOT_SCIENTIFIC_EVIDENCE
25.0,49.0,25.96398457968778,SYNTHETIC_SOFTWARE_TEST_NOT_SCIENTIFIC_EVIDENCE
25.0,49.5,20.301302758990424,SYNTHETIC_SOFTWARE_TEST_NOT_SCIENTIFIC_EVIDENCE
25.0,50.0,16.173771654023337,SYNTHETIC_SOFTWARE_TEST_NOT_SCIENTIFIC_EVIDENCE
25.0,50.5,13.583977448341042,SYNTHETIC_SOFTWARE_TEST_NOT_SCIENTIFIC_EVIDENCE
25.0,51.0,12.611053694103568,SYNTHETIC_SOFTWARE_TEST_NOT_SCIENTIFIC_EVIDENCE
25.0,51.5,13.410727709649995,SYNTHETIC_SOFTWARE_TEST_NOT_SCIENTIFIC_EVIDENCE
25.0,52.0,16.21767775169703,SYNTHETIC_SOFTWARE_TEST_NOT_SCIENTIFIC_EVIDENCE
25.0,52.5,21.350178579193457,SYNTHETIC_SOFTWARE_TEST_NOT_SCIENTIFIC_EVIDENCE
25.0,53.0,29.217077756123757,SYNTHETIC_SOFTWARE_TEST_NOT_SCIENTIFIC_EVIDENCE
25.0,53.5,40.32720841413653,SYNTHETIC_SOFTWARE_TEST_NOT_SCIENTIFIC_EVIDENCE
25.0,54.0,55.30140800252349,SYNTHETIC_SOFTWARE_TEST_NOT_SCIENTIFIC_EVIDENCE
25.0,54.5,45.339922316460395,SYNTHETIC_SOFTWARE_TEST_NOT_SCIENTIFIC_EVIDENCE
25.0,55.0,41.977789117506845,SYNTHETIC_SOFTWARE_TEST_NOT_SCIENTIFIC_EVIDENCE
25.0,55.5,44.64594323697417,SYNTHETIC_SOFTWARE_TEST_NOT_SCIENTIFIC_EVIDENCE
25.0,56.0,52.404084491398,SYNTHETIC_SOFTWARE_TEST_NOT_SCIENTIFIC_EVIDENCE
25.0,56.5,64.55298865314697,SYNTHETIC_SOFTWARE_TEST_NOT_SCIENTIFIC_EVIDENCE
25.0,57.0,80.60017984257131,SYNTHETIC_SOFTWARE_TEST_NOT_SCIENTIFIC_EVIDENCE
25.0,57.5,100.23309120419987,SYNTHETIC_SOFTWARE_TEST_NOT_SCIENTIFIC_EVIDENCE
25.0,58.0,123.2986447220166,SYNTHETIC_SOFTWARE_TEST_NOT_SCIENTIFIC_EVIDENCE
25.0,58.5,149.78840161822237,SYNTHETIC_SOFTWARE_TEST_NOT_SCIENTIFIC_EVIDENCE
25.0,59.0,179.82862330903382,SYNTHETIC_SOFTWARE_TEST_NOT_SCIENTIFIC_EVIDENCE
25.0,59.5,213.6747457748382,SYNTHETIC_SOFTWARE_TEST_NOT_SCIENTIFIC_EVIDENCE
25.0,60.0,251.70991290449786,SYNTHETIC_SOFTWARE_TEST_NOT_SCIENTIFIC_EVIDENCE
26.0,40.0,197.52287284256116,SYNTHETIC_SOFTWARE_TEST_NOT_SCIENTIFIC_EVIDENCE
26.0,40.5,186.16605568984141,SYNTHETIC_SOFTWARE_TEST_NOT_SCIENTIFIC_EVIDENCE
26.0,41.0,179.70148223184225,SYNTHETIC_SOFTWARE_TEST_NOT_SCIENTIFIC_EVIDENCE
26.0,41.5,178.00075062265017,SYNTHETIC_SOFTWARE_TEST_NOT_SCIENTIFIC_EVIDENCE
26.0,42.0,181.0868190810855,SYNTHETIC_SOFTWARE_TEST_NOT_SCIENTIFIC_EVIDENCE
26.0,42.5,189.13043611785923,SYNTHETIC_SOFTWARE_TEST_NOT_SCIENTIFIC_EVIDENCE
26.0,43.0,202.4508235537839,SYNTHETIC_SOFTWARE_TEST_NOT_SCIENTIFIC_EVIDENCE
26.0,43.5,221.52047638998323,SYNTHETIC_SOFTWARE_TEST_NOT_SCIENTIFIC_EVIDENCE
26.0,44.0,246.9740615040476,SYNTHETIC_SOFTWARE_TEST_NOT_SCIENTIFIC_EVIDENCE
26.0,44.5,201.48840499980724,SYNTHETIC_SOFTWARE_TEST_NOT_SCIENTIFIC_EVIDENCE
26.0,45.0,162.8502076151723,SYNTHETIC_SOFTWARE_TEST_NOT_SCIENTIFIC_EVIDENCE
26.0,45.5,131.15766258894658,SYNTHETIC_SOFTWARE_TEST_NOT_SCIENTIFIC_EVIDENCE
26.0,46.0,105.13434391746263,SYNTHETIC_SOFTWARE_TEST_NOT_SCIENTIFIC_EVIDENCE
26.0,46.5,83.74676937487284,SYNTHETIC_SOFTWARE_TEST_NOT_SCIENTIFIC_EVIDENCE
26.0,47.0,66.1654666429291,SYNTHETIC_SOFTWARE_TEST_NOT_SCIENTIFIC_EVIDENCE
26.0,47.5,51.73339115160864,SYNTHETIC_SOFTWARE_TEST_NOT_SCIENTIFIC_EVIDENCE
26.0,48.0,39.94053698124696,SYNTHETIC_SOFTWARE_TEST_NOT_SCIENTIFIC_EVIDENCE
26.0,48.5,30.403797989772112,SYNTHETIC_SOFTWARE_TEST_NOT_SCIENTIFIC_EVIDENCE
26.0,49.0,22.851317960839157,SYNTHETIC_SOFTWARE_TEST_NOT_SCIENTIFIC_EVIDENCE
26.0,49.5,17.110722311680924,SYNTHETIC_SOFTWARE_TEST_NOT_SCIENTIFIC_EVIDENCE
26.0,50.0,13.100755039758912,SYNTHETIC_SOFTWARE_TEST_NOT_SCIENTIFIC_EVIDENCE
26.0,50.5,10.825957589341979,SYNTHETIC_SOFTWARE_TEST_NOT_SCIENTIFIC_EVIDENCE
26.0,51.0,10.374124979226744,SYNTHETIC_SOFTWARE_TEST_NOT_SCIENTIFIC_EVIDENCE
26.0,51.5,11.916362108430215,SYNTHETIC_SOFTWARE_TEST_NOT_SCIENTIFIC_EVIDENCE
26.0,52.0,15.709642476318374,SYNTHETIC_SOFTWARE_TEST_NOT_SCIENTIFIC_EVIDENCE
26.0,52.5,22.101845110570032,SYNTHETIC_SOFTWARE_TEST_NOT_SCIENTIFIC_EVIDENCE
26.0,53.0,31.539315529747437,SYNTHETIC_SOFTWARE_TEST_NOT_SCIENTIFIC_EVIDENCE
26.0,53.5,44.57706513298164,SYNTHETIC_SOFTWARE_TEST_NOT_SCIENTIFIC_EVIDENCE
26.0,54.0,61.8917924433214,SYNTHETIC_SOFTWARE_TEST_NOT_SCIENTIFIC_EVIDENCE
26.0,54.5,49.514628088470815,SYNTHETIC_SOFTWARE_TEST_NOT_SCIENTIFIC_EVIDENCE
26.0,55.0,44.36229276287435,SYNTHETIC_SOFTWARE_TEST_NOT_SCIENTIFIC_EVIDENCE
26.0,55.5,45.865903725687986,SYNTHETIC_SOFTWARE_TEST_NOT_SCIENTIFIC_EVIDENCE
26.0,56.0,52.99632163084841,SYNTHETIC_SOFTWARE_TEST_NOT_SCIENTIFIC_EVIDENCE
26.0,56.5,64.98622646661684,SYNTHETIC_SOFTWARE_TEST_NOT_SCIENTIFIC_EVIDENCE
26.0,57.0,81.29289200381223,SYNTHETIC_SOFTWARE_TEST_NOT_SCIENTIFIC_EVIDENCE
26.0,57.5,101.56906816354997,SYNTHETIC_SOFTWARE_TEST_NOT_SCIENTIFIC_EVIDENCE
26.0,58.0,125.64081414306878,SYNTHETIC_SOFTWARE_TEST_NOT_SCIENTIFIC_EVIDENCE
26.0,58.5,153.49136379655366,SYNTHETIC_SOFTWARE_TEST_NOT_SCIENTIFIC_EVIDENCE
26.0,59.0,185.25030874365186,SYNTHETIC_SOFTWARE_TEST_NOT_SCIENTIFIC_EVIDENCE
26.0,59.5,221.18756091048323,SYNTHETIC_SOFTWARE_TEST_NOT_SCIENTIFIC_EVIDENCE
26.0,60.0,261.7117106068257,SYNTHETIC_SOFTWARE_TEST_NOT_SCIENTIFIC_EVIDENCE
27.0,40.0,202.96291402754645,SYNTHETIC_SOFTWARE_TEST_NOT_SCIENTIFIC_EVIDENCE
27.0,40.5,191.25499748805527,SYNTHETIC_SOFTWARE_TEST_NOT_SCIENTIFIC_EVIDENCE
27.0,41.0,184.85370619117987,SYNTHETIC_SOFTWARE_TEST_NOT_SCIENTIFIC_EVIDENCE
27.0,41.5,183.6238824471055,SYNTHETIC_SOFTWARE_TEST_NOT_SCIENTIFIC_EVIDENCE
27.0,42.0,187.59376509644804,SYNTHETIC_SOFTWARE_TEST_NOT_SCIENTIFIC_EVIDENCE
27.0,42.5,196.9511604396876,SYNTHETIC_SOFTWARE_TEST_NOT_SCIENTIFIC_EVIDENCE
27.0,43.0,212.04420028835995,SYNTHETIC_SOFTWARE_TEST_NOT_SCIENTIFIC_EVIDENCE
27.0,43.5,233.38654067085716,SYNTHETIC_SOFTWARE_TEST_NOT_SCIENTIFIC_EVIDENCE
27.0,44.0,261.666981887894,SYNTHETIC_SOFTWARE_TEST_NOT_SCIENTIFIC_EVIDENCE
27.0,44.5,212.3156217148478,SYNTHETIC_SOFTWARE_TEST_NOT_SCIENTIFIC_EVIDENCE
27.0,45.0,170.4022703911541,SYNTHETIC_SOFTWARE_TEST_NOT_SCIENTIFIC_EVIDENCE
27.0,45.5,136.05480173788303,SYNTHETIC_SOFTWARE_TEST_NOT_SCIENTIFIC_EVIDENCE
27.0,46.0,107.89406325372212,SYNTHETIC_SOFTWARE_TEST_NOT_SCIENTIFIC_EVIDENCE
27.0,46.5,84.80344702482957,SYNTHETIC_SOFTWARE_TEST_NOT_SCIENTIFIC_EVIDENCE
27.0,47.0,65.88687809064305,SYNTHETIC_SOFTWARE_TEST_NOT_SCIENTIFIC_EVIDENCE
27.0,47.5,50.43473503428772,SYNTHETIC_SOFTWARE_TEST_NOT_SCIENTIFIC_EVIDENCE
27.0,48.0,37.896453081466376,SYNTHETIC_SOFTWARE_TEST_NOT_SCIENTIFIC_EVIDENCE
27.0,48.5,27.858792756077058,SYNTHETIC_SOFTWARE_TEST_NOT_SCIENTIFIC_EVIDENCE
27.0,49.0,20.028953042639408,SYNTHETIC_SOFTWARE_TEST_NOT_SCIENTIFIC_EVIDENCE
27.0,49.5,14.221873829971623,SYNTHETIC_SOFTWARE_TEST_NOT_SCIENTIFIC_EVIDENCE
27.0,50.0,10.35121385857495,SYNTHETIC_SOFTWARE_TEST_NOT_SCIENTIFIC_EVIDENCE
27.0,50.5,8.423612280615146,SYNTHETIC_SOFTWARE_TEST_NOT_SCIENTIFIC_EVIDENCE
27.0,51.0,8.535948360336883,SYNTHETIC_SOFTWARE_TEST_NOT_SCIENTIFIC_EVIDENCE
27.0,51.5,10.875408307277036,SYNTHETIC_SOFTWARE_TEST_NOT_SCIENTIFIC_EVIDENCE
27.0,52.0,15.7222537951724,SYNTHETIC_SOFTWARE_TEST_NOT_SCIENTIFIC_EVIDENCE
27.0,52.5,23.45526606492197,SYNTHETIC_SOFTWARE_TEST_NOT_SCIENTIFIC_EVIDENCE
27.0,53.0,34.55991505520575,SYNTHETIC_SOFTWARE_TEST_NOT_SCIENTIFIC_EVIDENCE
27.0,53.5,49.63937696665374,SYNTHETIC_SOFTWARE_TEST_NOT_SCIENTIFIC_EVIDENCE
27.0,54.0,69.4285981326707,SYNTHETIC_SOFTWARE_TEST_NOT_SCIENTIFIC_EVIDENCE
27.0,54.5,54.48058439815994,SYNTHETIC_SOFTWARE_TEST_NOT_SCIENTIFIC_EVIDENCE
27.0,55.0,47.4106841152525,SYNTHETIC_SOFTWARE_TEST_NOT_SCIENTIFIC_EVIDENCE
27.0,55.5,47.65196197360994,SYNTHETIC_SOFTWARE_TEST_NOT_SCIENTIFIC_EVIDENCE
27.0,56.0,54.08249891416542,SYNTHETIC_SOFTWARE_TEST_NOT_SCIENTIFIC_EVIDENCE
27.0,56.5,65.86379246299562,SYNTHETIC_SOFTWARE_TEST_NOT_SCIENTIFIC_EVIDENCE
27.0,57.0,82.40051594028466,SYNTHETIC_SOFTWARE_TEST_NOT_SCIENTIFIC_EVIDENCE
27.0,57.5,103.3090298476427,SYNTHETIC_SOFTWARE_TEST_NOT_SCIENTIFIC_EVIDENCE
27.0,58.0,128.3933967750935,SYNTHETIC_SOFTWARE_TEST_NOT_SCIENTIFIC_EVIDENCE
27.0,58.5,157.62790860750596,SYNTHETIC_SOFTWARE_TEST_NOT_SCIENTIFIC_EVIDENCE
27.0,59.0,191.1453548407874,SYNTHETIC_SOFTWARE_TEST_NOT_SCIENTIFIC_EVIDENCE
27.0,59.5,229.23045092421475,SYNTHETIC_SOFTWARE_TEST_NOT_SCIENTIFIC_EVIDENCE
27.0,60.0,272.318012101201,SYNTHETIC_SOFTWARE_TEST_NOT_SCIENTIFIC_EVIDENCE
28.0,40.0,208.8076472374003,SYNTHETIC_SOFTWARE_TEST_NOT_SCIENTIFIC_EVIDENCE
28.0,40.5,196.75497955357827,SYNTHETIC_SOFTWARE_TEST_NOT_SCIENTIFIC_EVIDENCE
28.0,41.0,190.44007557351674,SYNTHETIC_SOFTWARE_TEST_NOT_SCIENTIFIC_EVIDENCE
28.0,41.5,189.72088714784294,SYNTHETIC_SOFTWARE_TEST_NOT_SCIENTIFIC_EVIDENCE
28.0,42.0,194.63125948810728,SYNTHETIC_SOFTWARE_TEST_NOT_SCIENTIFIC_EVIDENCE
28.0,42.5,205.37683376154874,SYNTHETIC_SOFTWARE_TEST_NOT_SCIENTIFIC_EVIDENCE
28.0,43.0,222.33588378734348,SYNTHETIC_SOFTWARE_TEST_NOT_SCIENTIFIC_EVIDENCE
28.0,43.5,246.06492944653036,SYNTHETIC_SOFTWARE_TEST_NOT_SCIENTIFIC_EVIDENCE
28.0,44.0,277.30910617840067,SYNTHETIC_SOFTWARE_TEST_NOT_SCIENTIFIC_EVIDENCE
28.0,44.5,223.9352826816063,SYNTHETIC_SOFTWARE_TEST_NOT_SCIENTIFIC_EVIDENCE
28.0,45.0,178.61425375779737,SYNTHETIC_SOFTWARE_TEST_NOT_SCIENTIFIC_EVIDENCE
28.0,45.5,141.505492619142,SYNTHETIC_SOFTWARE_TEST_NOT_SCIENTIFIC_EVIDENCE
28.0,46.0,111.12314743780799,SYNTHETIC_SOFTWARE_TEST_NOT_SCIENTIFIC_EVIDENCE
28.0,46.5,86.26427154739537,SYNTHETIC_SOFTWARE_TEST_NOT_SCIENTIFIC_EVIDENCE
28.0,47.0,65.96361698496506,SYNTHETIC_SOFTWARE_TEST_NOT_SCIENTIFIC_EVIDENCE
28.0,47.5,49.45696282739367,SYNTHETIC_SOFTWARE_TEST_NOT_SCIENTIFIC_EVIDENCE
28.0,48.0,36.15163409446709,SYNTHETIC_SOFTWARE_TEST_NOT_SCIENTIFIC_EVIDENCE
28.0,48.5,25.603117347726542,SYNTHETIC_SOFTWARE_TEST_NOT_SCIENTIFIC_EVIDENCE
28.0,49.0,17.496889825088527,SYNTHETIC_SOFTWARE_TEST_NOT_SCIENTIFIC_EVIDENCE
28.0,49.5,11.63475731386247,SYNTHETIC_SOFTWARE_TEST_NOT_SCIENTIFIC_EVIDENCE
28.0,50.0,7.925148110471444,SYNTHETIC_SOFTWARE_TEST_NOT_SCIENTIFIC_EVIDENCE
28.0,50.5,6.376941522160506,SYNTHETIC_SOFTWARE_TEST_NOT_SCIENTIFIC_EVIDENCE
28.0,51.0,7.096523837433978,SYNTHETIC_SOFTWARE_TEST_NOT_SCIENTIFIC_EVIDENCE
28.0,51.5,10.28786630619043,SYNTHETIC_SOFTWARE_TEST_NOT_SCIENTIFIC_EVIDENCE
28.0,52.0,16.255511708259107,SYNTHETIC_SOFTWARE_TEST_NOT_SCIENTIFIC_EVIDENCE
28.0,52.5,25.41044144224934,SYNTHETIC_SOFTWARE_TEST_NOT_SCIENTIFIC_EVIDENCE
28.0,53.0,38.278876332498704,SYNTHETIC_SOFTWARE_TEST_NOT_SCIENTIFIC_EVIDENCE
28.0,53.5,55.514143915152864,SYNTHETIC_SOFTWARE_TEST_NOT_SCIENTIFIC_EVIDENCE
28.0,54.0,77.91182507057142,SYNTHETIC_SOFTWARE_TEST_NOT_SCIENTIFIC_EVIDENCE
28.0,54.5,60.23779124552779,SYNTHETIC_SOFTWARE_TEST_NOT_SCIENTIFIC_EVIDENCE
28.0,55.0,51.122963174641335,SYNTHETIC_SOFTWARE_TEST_NOT_SCIENTIFIC_EVIDENCE
28.0,55.5,50.00411798074011,SYNTHETIC_SOFTWARE_TEST_NOT_SCIENTIFIC_EVIDENCE
28.0,56.0,55.66261634134904,SYNTHETIC_SOFTWARE_TEST_NOT_SCIENTIFIC_EVIDENCE
28.0,56.5,67.18568664228327,SYNTHETIC_SOFTWARE_TEST_NOT_SCIENTIFIC_EVIDENCE
28.0,57.0,83.92305165198864,SYNTHETIC_SOFTWARE_TEST_NOT_SCIENTIFIC_EVIDENCE
28.0,57.5,105.45297625647801,SYNTHETIC_SOFTWARE_TEST_NOT_SCIENTIFIC_EVIDENCE
28.0,58.0,131.5563926180907,SYNTHETIC_SOFTWARE_TEST_NOT_SCIENTIFIC_EVIDENCE
28.0,58.5,162.19803605107938,SYNTHETIC_SOFTWARE_TEST_NOT_SCIENTIFIC_EVIDENCE
28.0,59.0,197.51376160044063,SYNTHETIC_SOFTWARE_TEST_NOT_SCIENTIFIC_EVIDENCE
28.0,59.5,237.80341581603255,SYNTHETIC_SOFTWARE_TEST_NOT_SCIENTIFIC_EVIDENCE
28.0,60.0,283.5288173876241,SYNTHETIC_SOFTWARE_TEST_NOT_SCIENTIFIC_EVIDENCE
29.0,40.0,215.05707247212257,SYNTHETIC_SOFTWARE_TEST_NOT_SCIENTIFIC_EVIDENCE
29.0,40.5,202.6660018864104,SYNTHETIC_SOFTWARE_TEST_NOT_SCIENTIFIC_EVIDENCE
29.0,41.0,196.46059037885288,SYNTHETIC_SOFTWARE_TEST_NOT_SCIENTIFIC_EVIDENCE
29.0,41.5,196.29176472486233,SYNTHETIC_SOFTWARE_TEST_NOT_SCIENTIFIC_EVIDENCE
29.0,42.0,202.19930225606316,SYNTHETIC_SOFTWARE_TEST_NOT_SCIENTIFIC_EVIDENCE
29.0,42.5,214.40745608344258,SYNTHETIC_SOFTWARE_TEST_NOT_SCIENTIFIC_EVIDENCE
29.0,43.0,233.32587405073443,SYNTHETIC_SOFTWARE_TEST_NOT_SCIENTIFIC_EVIDENCE
29.0,43.5,259.5556427170028,SYNTHETIC_SOFTWARE_TEST_NOT_SCIENTIFIC_EVIDENCE
29.0,44.0,293.9004343755678,SYNTHETIC_SOFTWARE_TEST_NOT_SCIENTIFIC_EVIDENCE
29.0,44.5,236.34738790008308,SYNTHETIC_SOFTWARE_TEST_NOT_SCIENTIFIC_EVIDENCE
29.0,45.0,187.486157715102,SYNTHETIC_SOFTWARE_TEST_NOT_SCIENTIFIC_EVIDENCE
29.0,45.5,147.50973523272353,SYNTHETIC_SOFTWARE_TEST_NOT_SCIENTIFIC_EVIDENCE
29.0,46.0,114.82159646972032,SYNTHETIC_SOFTWARE_TEST_NOT_SCIENTIFIC_EVIDENCE
29.0,46.5,88.12924294257027,SYNTHETIC_SOFTWARE_TEST_NOT_SCIENTIFIC_EVIDENCE
29.0,47.0,66.39568332589509,SYNTHETIC_SOFTWARE_TEST_NOT_SCIENTIFIC_EVIDENCE
29.0,47.5,48.800074530926466,SYNTHETIC_SOFTWARE_TEST_NOT_SCIENTIFIC_EVIDENCE
29.0,48.0,34.70608002024911,SYNTHETIC_SOFTWARE_TEST_NOT_SCIENTIFIC_EVIDENCE
29.0,48.5,23.63677176472059,SYNTHETIC_SOFTWARE_TEST_NOT_SCIENTIFIC_EVIDENCE
29.0,49.0,15.255128308186482,SYNTHETIC_SOFTWARE_TEST_NOT_SCIENTIFIC_EVIDENCE
29.0,49.5,9.349372763353502,SYNTHETIC_SOFTWARE_TEST_NOT_SCIENTIFIC_EVIDENCE
29.0,50.0,5.822557795448395,SYNTHETIC_SOFTWARE_TEST_NOT_SCIENTIFIC_EVIDENCE
29.0,50.5,4.6859453139780705,SYNTHETIC_SOFTWARE_TEST_NOT_SCIENTIFIC_EVIDENCE
29.0,51.0,6.055851410518021,SYNTHETIC_SOFTWARE_TEST_NOT_SCIENTIFIC_EVIDENCE
29.0,51.5,10.153736105170426,SYNTHETIC_SOFTWARE_TEST_NOT_SCIENTIFIC_EVIDENCE
29.0,52.0,17.309416215578505,SYNTHETIC_SOFTWARE_TEST_NOT_SCIENTIFIC_EVIDENCE
29.0,52.5,27.967371242552144,SYNTHETIC_SOFTWARE_TEST_NOT_SCIENTIFIC_EVIDENCE
29.0,53.0,42.69619936162631,SYNTHETIC_SOFTWARE_TEST_NOT_SCIENTIFIC_EVIDENCE
29.0,53.5,62.20136597847904,SYNTHETIC_SOFTWARE_TEST_NOT_SCIENTIFIC_EVIDENCE
29.0,54.0,87.34147325702371,SYNTHETIC_SOFTWARE_TEST_NOT_SCIENTIFIC_EVIDENCE
29.0,54.5,66.78624863057446,SYNTHETIC_SOFTWARE_TEST_NOT_SCIENTIFIC_EVIDENCE
29.0,55.0,55.49912994104089,SYNTHETIC_SOFTWARE_TEST_NOT_SCIENTIFIC_EVIDENCE
29.0,55.5,52.92237174707847,SYNTHETIC_SOFTWARE_TEST_NOT_SCIENTIFIC_EVIDENCE
29.0,56.0,57.73667391239931,SYNTHETIC_SOFTWARE_TEST_NOT_SCIENTIFIC_EVIDENCE
29.0,56.5,68.95190900447984,SYNTHETIC_SOFTWARE_TEST_NOT_SCIENTIFIC_EVIDENCE
29.0,57.0,85.86049913892411,SYNTHETIC_SOFTWARE_TEST_NOT_SCIENTIFIC_EVIDENCE
29.0,57.5,108.00090739005593,SYNTHETIC_SOFTWARE_TEST_NOT_SCIENTIFIC_EVIDENCE
29.0,58.0,135.12980167206055,SYNTHETIC_SOFTWARE_TEST_NOT_SCIENTIFIC_EVIDENCE
29.0,58.5,167.20174612727385,SYNTHETIC_SOFTWARE_TEST_NOT_SCIENTIFIC_EVIDENCE
29.0,59.0,204.35552902261142,SYNTHETIC_SOFTWARE_TEST_NOT_SCIENTIFIC_EVIDENCE
29.0,59.5,246.90645558593687,SYNTHETIC_SOFTWARE_TEST_NOT_SCIENTIFIC_EVIDENCE
29.0,60.0,295.3441264660949,SYNTHETIC_SOFTWARE_TEST_NOT_SCIENTIFIC_EVIDENCE
30.0,40.0,221.71118973171338,SYNTHETIC_SOFTWARE_TEST_NOT_SCIENTIFIC_EVIDENCE
30.0,40.5,208.9880644865517,SYNTHETIC_SOFTWARE_TEST_NOT_SCIENTIFIC_EVIDENCE
30.0,41.0,202.9152506071881,SYNTHETIC_SOFTWARE_TEST_NOT_SCIENTIFIC_EVIDENCE
30.0,41.5,203.33651517816375,SYNTHETIC_SOFTWARE_TEST_NOT_SCIENTIFIC_EVIDENCE
30.0,42.0,210.2978934003157,SYNTHETIC_SOFTWARE_TEST_NOT_SCIENTIFIC_EVIDENCE
30.0,42.5,224.043027405369,SYNTHETIC_SOFTWARE_TEST_NOT_SCIENTIFIC_EVIDENCE
30.0,43.0,245.01417107853246,SYNTHETIC_SOFTWARE_TEST_NOT_SCIENTIFIC_EVIDENCE
30.0,43.5,273.8586804822744,SYNTHETIC_SOFTWARE_TEST_NOT_SCIENTIFIC_EVIDENCE
30.0,44.0,311.4409664793948,SYNTHETIC_SOFTWARE_TEST_NOT_SCIENTIFIC_EVIDENCE
30.0,44.5,249.55193737027764,SYNTHETIC_SOFTWARE_TEST_NOT_SCIENTIFIC_EVIDENCE
30.0,45.0,197.01798226306792,SYNTHETIC_SOFTWARE_TEST_NOT_SCIENTIFIC_EVIDENCE
30.0,45.5,154.06752957862744,SYNTHETIC_SOFTWARE_TEST_NOT_SCIENTIFIC_EVIDENCE
30.0,46.0,118.98941034945908,SYNTHETIC_SOFTWARE_TEST_NOT_SCIENTIFIC_EVIDENCE
30.0,46.5,90.39836121035428,SYNTHETIC_SOFTWARE_TEST_NOT_SCIENTIFIC_EVIDENCE
30.0,47.0,67.18307711343313,SYNTHETIC_SOFTWARE_TEST_NOT_SCIENTIFIC_EVIDENCE
30.0,47.5,48.464070144886186,SYNTHETIC_SOFTWARE_TEST_NOT_SCIENTIFIC_EVIDENCE
30.0,48.0,33.55979085881247,SYNTHETIC_SOFTWARE_TEST_NOT_SCIENTIFIC_EVIDENCE
30.0,48.5,21.959756007059223,SYNTHETIC_SOFTWARE_TEST_NOT_SCIENTIFIC_EVIDENCE
30.0,49.0,13.303668491933362,SYNTHETIC_SOFTWARE_TEST_NOT_SCIENTIFIC_EVIDENCE
30.0,49.5,7.365720178444723,SYNTHETIC_SOFTWARE_TEST_NOT_SCIENTIFIC_EVIDENCE
30.0,50.0,4.043442913505834,SYNTHETIC_SOFTWARE_TEST_NOT_SCIENTIFIC_EVIDENCE
30.0,50.5,3.350623656067863,SYNTHETIC_SOFTWARE_TEST_NOT_SCIENTIFIC_EVIDENCE
30.0,51.0,5.413931079589042,SYNTHETIC_SOFTWARE_TEST_NOT_SCIENTIFIC_EVIDENCE
30.0,51.5,10.47301770421701,SYNTHETIC_SOFTWARE_TEST_NOT_SCIENTIFIC_EVIDENCE
30.0,52.0,18.88396731713059,SYNTHETIC_SOFTWARE_TEST_NOT_SCIENTIFIC_EVIDENCE
30.0,52.5,31.126055465830312,SYNTHETIC_SOFTWARE_TEST_NOT_SCIENTIFIC_EVIDENCE
30.0,53.0,47.81188414258845,SYNTHETIC_SOFTWARE_TEST_NOT_SCIENTIFIC_EVIDENCE
30.0,53.5,69.70104315663217,SYNTHETIC_SOFTWARE_TEST_NOT_SCIENTIFIC_EVIDENCE
30.0,54.0,97.7175426920272,SYNTHETIC_SOFTWARE_TEST_NOT_SCIENTIFIC_EVIDENCE
30.0,54.5,74.12595655329974,SYNTHETIC_SOFTWARE_TEST_NOT_SCIENTIFIC_EVIDENCE
30.0,55.0,60.53918441445102,SYNTHETIC_SOFTWARE_TEST_NOT_SCIENTIFIC_EVIDENCE
30.0,55.5,56.40672327262497,SYNTHETIC_SOFTWARE_TEST_NOT_SCIENTIFIC_EVIDENCE
30.0,56.0,60.30467162731615,SYNTHETIC_SOFTWARE_TEST_NOT_SCIENTIFIC_EVIDENCE
30.0,56.5,71.16245954958521,SYNTHETIC_SOFTWARE_TEST_NOT_SCIENTIFIC_EVIDENCE
30.0,57.0,88.2128584010911,SYNTHETIC_SOFTWARE_TEST_NOT_SCIENTIFIC_EVIDENCE
30.0,57.5,110.95282324837638,SYNTHETIC_SOFTWARE_TEST_NOT_SCIENTIFIC_EVIDENCE
30.0,58.0,139.11362393700284,SYNTHETIC_SOFTWARE_TEST_NOT_SCIENTIFIC_EVIDENCE
30.0,58.5,172.63903883608936,SYNTHETIC_SOFTWARE_TEST_NOT_SCIENTIFIC_EVIDENCE
30.0,59.0,211.6706571072997,SYNTHETIC_SOFTWARE_TEST_NOT_SCIENTIFIC_EVIDENCE
30.0,59.5,256.5395702339275,SYNTHETIC_SOFTWARE_TEST_NOT_SCIENTIFIC_EVIDENCE
30.0,60.0,307.7639393366133,SYNTHETIC_SOFTWARE_TEST_NOT_SCIENTIFIC_EVIDENCE
31.0,40.0,228.76999901617265,SYNTHETIC_SOFTWARE_TEST_NOT_SCIENTIFIC_EVIDENCE
31.0,40.5,215.7211673540021,SYNTHETIC_SOFTWARE_TEST_NOT_SCIENTIFIC_EVIDENCE
31.0,41.0,209.80405625852256,SYNTHETIC_SOFTWARE_TEST_NOT_SCIENTIFIC_EVIDENCE
31.0,41.5,210.85513850774709,SYNTHETIC_SOFTWARE_TEST_NOT_SCIENTIFIC_EVIDENCE
31.0,42.0,218.9270329208649,SYNTHETIC_SOFTWARE_TEST_NOT_SCIENTIFIC_EVIDENCE
31.0,42.5,234.2835477273281,SYNTHETIC_SOFTWARE_TEST_NOT_SCIENTIFIC_EVIDENCE
31.0,43.0,257.40077487073813,SYNTHETIC_SOFTWARE_TEST_NOT_SCIENTIFIC_EVIDENCE
31.0,43.5,288.97404274234526,SYNTHETIC_SOFTWARE_TEST_NOT_SCIENTIFIC_EVIDENCE
31.0,44.0,329.9307024898822,SYNTHETIC_SOFTWARE_TEST_NOT_SCIENTIFIC_EVIDENCE
31.0,44.5,263.54893109219046,SYNTHETIC_SOFTWARE_TEST_NOT_SCIENTIFIC_EVIDENCE
31.0,45.0,207.20972740169532,SYNTHETIC_SOFTWARE_TEST_NOT_SCIENTIFIC_EVIDENCE
31.0,45.5,161.17887565685382,SYNTHETIC_SOFTWARE_TEST_NOT_SCIENTIFIC_EVIDENCE
31.0,46.0,123.62658907702419,SYNTHETIC_SOFTWARE_TEST_NOT_SCIENTIFIC_EVIDENCE
31.0,46.5,93.0716263507473,SYNTHETIC_SOFTWARE_TEST_NOT_SCIENTIFIC_EVIDENCE
31.0,47.0,68.32579834757922,SYNTHETIC_SOFTWARE_TEST_NOT_SCIENTIFIC_EVIDENCE
31.0,47.5,48.448949669272736,SYNTHETIC_SOFTWARE_TEST_NOT_SCIENTIFIC_EVIDENCE
31.0,48.0,32.712766610157146,SYNTHETIC_SOFTWARE_TEST_NOT_SCIENTIFIC_EVIDENCE
31.0,48.5,20.572070074742392,SYNTHETIC_SOFTWARE_TEST_NOT_SCIENTIFIC_EVIDENCE
31.0,49.0,11.642510376329076,SYNTHETIC_SOFTWARE_TEST_NOT_SCIENTIFIC_EVIDENCE
31.0,49.5,5.683799559136125,SYNTHETIC_SOFTWARE_TEST_NOT_SCIENTIFIC_EVIDENCE
31.0,50.0,2.5878034646437316,SYNTHETIC_SOFTWARE_TEST_NOT_SCIENTIFIC_EVIDENCE
31.0,50.5,2.3709765484298635,SYNTHETIC_SOFTWARE_TEST_NOT_SCIENTIFIC_EVIDENCE
31.0,51.0,5.170762844647012,SYNTHETIC_SOFTWARE_TEST_NOT_SCIENTIFIC_EVIDENCE
31.0,51.5,11.245711103330182,SYNTHETIC_SOFTWARE_TEST_NOT_SCIENTIFIC_EVIDENCE
31.0,52.0,20.979165012915363,SYNTHETIC_SOFTWARE_TEST_NOT_SCIENTIFIC_EVIDENCE
31.0,52.5,34.8864941120839,SYNTHETIC_SOFTWARE_TEST_NOT_SCIENTIFIC_EVIDENCE
31.0,53.0,53.6259306753853,SYNTHETIC_SOFTWARE_TEST_NOT_SCIENTIFIC_EVIDENCE
31.0,53.5,78.01317544961233,SYNTHETIC_SOFTWARE_TEST_NOT_SCIENTIFIC_EVIDENCE
31.0,54.0,109.04003337558221,SYNTHETIC_SOFTWARE_TEST_NOT_SCIENTIFIC_EVIDENCE
31.0,54.5,82.25691501370383,SYNTHETIC_SOFTWARE_TEST_NOT_SCIENTIFIC_EVIDENCE
31.0,55.0,66.24312659487188,SYNTHETIC_SOFTWARE_TEST_NOT_SCIENTIFIC_EVIDENCE
31.0,55.5,60.457172557379664,SYNTHETIC_SOFTWARE_TEST_NOT_SCIENTIFIC_EVIDENCE
31.0,56.0,63.366609486099634,SYNTHETIC_SOFTWARE_TEST_NOT_SCIENTIFIC_EVIDENCE
31.0,56.5,73.81733827759955,SYNTHETIC_SOFTWARE_TEST_NOT_SCIENTIFIC_EVIDENCE
31.0,57.0,90.98012943848957,SYNTHETIC_SOFTWARE_TEST_NOT_SCIENTIFIC_EVIDENCE
31.0,57.5,114.30872383143945,SYNTHETIC_SOFTWARE_TEST_NOT_SCIENTIFIC_EVIDENCE
31.0,58.0,143.50785941291767,SYNTHETIC_SOFTWARE_TEST_NOT_SCIENTIFIC_EVIDENCE
31.0,58.5,178.50991417752593,SYNTHETIC_SOFTWARE_TEST_NOT_SCIENTIFIC_EVIDENCE
31.0,59.0,219.45914585450552,SYNTHETIC_SOFTWARE_TEST_NOT_SCIENTIFIC_EVIDENCE
31.0,59.5,266.70275976000454,SYNTHETIC_SOFTWARE_TEST_NOT_SCIENTIFIC_EVIDENCE
31.0,60.0,320.7882559991793,SYNTHETIC_SOFTWARE_TEST_NOT_SCIENTIFIC_EVIDENCE
32.0,40.0,236.23350032550053,SYNTHETIC_SOFTWARE_TEST_NOT_SCIENTIFIC_EVIDENCE
32.0,40.5,222.86531048876165,SYNTHETIC_SOFTWARE_TEST_NOT_SCIENTIFIC_EVIDENCE
32.0,41.0,217.12700733285632,SYNTHETIC_SOFTWARE_TEST_NOT_SCIENTIFIC_EVIDENCE
32.0,41.5,218.84763471361242,SYNTHETIC_SOFTWARE_TEST_NOT_SCIENTIFIC_EVIDENCE
32.0,42.0,228.0867208177107,SYNTHETIC_SOFTWARE_TEST_NOT_SCIENTIFIC_EVIDENCE
32.0,42.5,245.1290170493199,SYNTHETIC_SOFTWARE_TEST_NOT_SCIENTIFIC_EVIDENCE
32.0,43.0,270.48568542735103,SYNTHETIC_SOFTWARE_TEST_NOT_SCIENTIFIC_EVIDENCE
32.0,43.5,304.9017294972154,SYNTHETIC_SOFTWARE_TEST_NOT_SCIENTIFIC_EVIDENCE
32.0,44.0,349.36964240702986,SYNTHETIC_SOFTWARE_TEST_NOT_SCIENTIFIC_EVIDENCE
32.0,44.5,278.33836906582127,SYNTHETIC_SOFTWARE_TEST_NOT_SCIENTIFIC_EVIDENCE
32.0,45.0,218.06139313098404,SYNTHETIC_SOFTWARE_TEST_NOT_SCIENTIFIC_EVIDENCE
32.0,45.5,168.8437734674027,SYNTHETIC_SOFTWARE_TEST_NOT_SCIENTIFIC_EVIDENCE
32.0,46.0,128.73313265241575,SYNTHETIC_SOFTWARE_TEST_NOT_SCIENTIFIC_EVIDENCE
32.0,46.5,96.14903836374944,SYNTHETIC_SOFTWARE_TEST_NOT_SCIENTIFIC_EVIDENCE
32.0,47.0,69.82384702833338,SYNTHETIC_SOFTWARE_TEST_NOT_SCIENTIFIC_EVIDENCE
32.0,47.5,48.75471310408622,SYNTHETIC_SOFTWARE_TEST_NOT_SCIENTIFIC_EVIDENCE
32.0,48.0,32.16500727428313,SYNTHETIC_SOFTWARE_TEST_NOT_SCIENTIFIC_EVIDENCE
32.0,48.5,19.473713967770166,SYNTHETIC_SOFTWARE_TEST_NOT_SCIENTIFIC_EVIDENCE
32.0,49.0,10.27165396137367,SYNTHETIC_SOFTWARE_TEST_NOT_SCIENTIFIC_EVIDENCE
32.0,49.5,4.303610905427695,SYNTHETIC_SOFTWARE_TEST_NOT_SCIENTIFIC_EVIDENCE
32.0,50.0,1.4556394488620974,SYNTHETIC_SOFTWARE_TEST_NOT_SCIENTIFIC_EVIDENCE
32.0,50.5,1.7470039910640702,SYNTHETIC_SOFTWARE_TEST_NOT_SCIENTIFIC_EVIDENCE
32.0,51.0,5.326346705691952,SYNTHETIC_SOFTWARE_TEST_NOT_SCIENTIFIC_EVIDENCE
32.0,51.5,12.471816302509941,SYNTHETIC_SOFTWARE_TEST_NOT_SCIENTIFIC_EVIDENCE
32.0,52.0,23.595009302932816,SYNTHETIC_SOFTWARE_TEST_NOT_SCIENTIFIC_EVIDENCE
32.0,52.5,39.24868718131291,SYNTHETIC_SOFTWARE_TEST_NOT_SCIENTIFIC_EVIDENCE
32.0,53.0,60.13833896001676,SYNTHETIC_SOFTWARE_TEST_NOT_SCIENTIFIC_EVIDENCE
32.0,53.5,87.13776285741949,SYNTHETIC_SOFTWARE_TEST_NOT_SCIENTIFIC_EVIDENCE
32.0,54.0,121.30894530768862,SYNTHETIC_SOFTWARE_TEST_NOT_SCIENTIFIC_EVIDENCE
32.0,54.5,91.17912401178663,SYNTHETIC_SOFTWARE_TEST_NOT_SCIENTIFIC_EVIDENCE
32.0,55.0,72.61095648230335,SYNTHETIC_SOFTWARE_TEST_NOT_SCIENTIFIC_EVIDENCE
32.0,55.5,65.07371960134252,SYNTHETIC_SOFTWARE_TEST_NOT_SCIENTIFIC_EVIDENCE
32.0,56.0,66.9224874887497,SYNTHETIC_SOFTWARE_TEST_NOT_SCIENTIFIC_EVIDENCE
32.0,56.5,76.91654518852272,SYNTHETIC_SOFTWARE_TEST_NOT_SCIENTIFIC_EVIDENCE
32.0,57.0,94.16231225111954,SYNTHETIC_SOFTWARE_TEST_NOT_SCIENTIFIC_EVIDENCE
32.0,57.5,118.0686091392451,SYNTHETIC_SOFTWARE_TEST_NOT_SCIENTIFIC_EVIDENCE
32.0,58.0,148.31250809980506,SYNTHETIC_SOFTWARE_TEST_NOT_SCIENTIFIC_EVIDENCE
32.0,58.5,184.81437215158357,SYNTHETIC_SOFTWARE_TEST_NOT_SCIENTIFIC_EVIDENCE
32.0,59.0,227.72099526422892,SYNTHETIC_SOFTWARE_TEST_NOT_SCIENTIFIC_EVIDENCE
32.0,59.5,277.3960241641679,SYNTHETIC_SOFTWARE_TEST_NOT_SCIENTIFIC_EVIDENCE
32.0,60.0,334.4170764537931,SYNTHETIC_SOFTWARE_TEST_NOT_SCIENTIFIC_EVIDENCE
33.0,40.0,244.10169365969676,SYNTHETIC_SOFTWARE_TEST_NOT_SCIENTIFIC_EVIDENCE
33.0,40.5,230.42049389083024,SYNTHETIC_SOFTWARE_TEST_NOT_SCIENTIFIC_EVIDENCE
33.0,41.0,224.8841038301892,SYNTHETIC_SOFTWARE_TEST_NOT_SCIENTIFIC_EVIDENCE
33.0,41.5,227.3140037957597,SYNTHETIC_SOFTWARE_TEST_NOT_SCIENTIFIC_EVIDENCE
33.0,42.0,237.7769570908532,SYNTHETIC_SOFTWARE_TEST_NOT_SCIENTIFIC_EVIDENCE
33.0,42.5,256.57943537134435,SYNTHETIC_SOFTWARE_TEST_NOT_SCIENTIFIC_EVIDENCE
33.0,43.0,284.26890274837126,SYNTHETIC_SOFTWARE_TEST_NOT_SCIENTIFIC_EVIDENCE
33.0,43.5,321.6417407468845,SYNTHETIC_SOFTWARE_TEST_NOT_SCIENTIFIC_EVIDENCE
33.0,44.0,369.75778623083784,SYNTHETIC_SOFTWARE_TEST_NOT_SCIENTIFIC_EVIDENCE
33.0,44.5,293.92025129116985,SYNTHETIC_SOFTWARE_TEST_NOT_SCIENTIFIC_EVIDENCE
33.0,45.0,229.57297945093407,SYNTHETIC_SOFTWARE_TEST_NOT_SCIENTIFIC_EVIDENCE
33.0,45.5,177.06222301027407,SYNTHETIC_SOFTWARE_TEST_NOT_SCIENTIFIC_EVIDENCE
33.0,46.0,134.30904107563373,SYNTHETIC_SOFTWARE_TEST_NOT_SCIENTIFIC_EVIDENCE
33.0,46.5,99.63059724936068,SYNTHETIC_SOFTWARE_TEST_NOT_SCIENTIFIC_EVIDENCE
33.0,47.0,71.6772231556955,SYNTHETIC_SOFTWARE_TEST_NOT_SCIENTIFIC_EVIDENCE
33.0,47.5,49.38136044932652,SYNTHETIC_SOFTWARE_TEST_NOT_SCIENTIFIC_EVIDENCE
33.0,48.0,31.916512851190447,SYNTHETIC_SOFTWARE_TEST_NOT_SCIENTIFIC_EVIDENCE
33.0,48.5,18.664687686142482,SYNTHETIC_SOFTWARE_TEST_NOT_SCIENTIFIC_EVIDENCE
33.0,49.0,9.191099247067134,SYNTHETIC_SOFTWARE_TEST_NOT_SCIENTIFIC_EVIDENCE
33.0,49.5,3.2251542173194654,SYNTHETIC_SOFTWARE_TEST_NOT_SCIENTIFIC_EVIDENCE
33.0,50.0,0.6469508661609332,SYNTHETIC_SOFTWARE_TEST_NOT_SCIENTIFIC_EVIDENCE
33.0,50.5,1.4787059839704932,SYNTHETIC_SOFTWARE_TEST_NOT_SCIENTIFIC_EVIDENCE
33.0,51.0,5.8806826627238395,SYNTHETIC_SOFTWARE_TEST_NOT_SCIENTIFIC_EVIDENCE
33.0,51.5,14.151333301756285,SYNTHETIC_SOFTWARE_TEST_NOT_SCIENTIFIC_EVIDENCE
33.0,52.0,26.731500187182956,SYNTHETIC_SOFTWARE_TEST_NOT_SCIENTIFIC_EVIDENCE
33.0,52.5,44.21263467351728,SYNTHETIC_SOFTWARE_TEST_NOT_SCIENTIFIC_EVIDENCE
33.0,53.0,67.34910899648284,SYNTHETIC_SOFTWARE_TEST_NOT_SCIENTIFIC_EVIDENCE
33.0,53.5,97.07480538005363,SYNTHETIC_SOFTWARE_TEST_NOT_SCIENTIFIC_EVIDENCE
33.0,54.0,134.52427848834645,SYNTHETIC_SOFTWARE_TEST_NOT_SCIENTIFIC_EVIDENCE
33.0,54.5,100.89258354754804,SYNTHETIC_SOFTWARE_TEST_NOT_SCIENTIFIC_EVIDENCE
33.0,55.0,79.64267407674552,SYNTHETIC_SOFTWARE_TEST_NOT_SCIENTIFIC_EVIDENCE
33.0,55.5,70.25636440451355,SYNTHETIC_SOFTWARE_TEST_NOT_SCIENTIFIC_EVIDENCE
33.0,56.0,70.97230563526635,SYNTHETIC_SOFTWARE_TEST_NOT_SCIENTIFIC_EVIDENCE
33.0,56.5,80.46008028235477,SYNTHETIC_SOFTWARE_TEST_NOT_SCIENTIFIC_EVIDENCE
33.0,57.0,97.75940683898098,SYNTHETIC_SOFTWARE_TEST_NOT_SCIENTIFIC_EVIDENCE
33.0,57.5,122.23247917179332,SYNTHETIC_SOFTWARE_TEST_NOT_SCIENTIFIC_EVIDENCE
33.0,58.0,153.52756999766498,SYNTHETIC_SOFTWARE_TEST_NOT_SCIENTIFIC_EVIDENCE
33.0,58.5,191.55241275826225,SYNTHETIC_SOFTWARE_TEST_NOT_SCIENTIFIC_EVIDENCE
33.0,59.0,236.45620533646982,SYNTHETIC_SOFTWARE_TEST_NOT_SCIENTIFIC_EVIDENCE
33.0,59.5,288.6193634464177,SYNTHETIC_SOFTWARE_TEST_NOT_SCIENTIFIC_EVIDENCE
33.0,60.0,348.6504007004542,SYNTHETIC_SOFTWARE_TEST_NOT_SCIENTIFIC_EVIDENCE
34.0,40.0,252.37457901876158,SYNTHETIC_SOFTWARE_TEST_NOT_SCIENTIFIC_EVIDENCE
34.0,40.5,238.38671756020807,SYNTHETIC_SOFTWARE_TEST_NOT_SCIENTIFIC_EVIDENCE
34.0,41.0,233.07534575052134,SYNTHETIC_SOFTWARE_TEST_NOT_SCIENTIFIC_EVIDENCE
34.0,41.5,236.2542457541891,SYNTHETIC_SOFTWARE_TEST_NOT_SCIENTIFIC_EVIDENCE
34.0,42.0,247.99774174029235,SYNTHETIC_SOFTWARE_TEST_NOT_SCIENTIFIC_EVIDENCE
34.0,42.5,268.6348026934014,SYNTHETIC_SOFTWARE_TEST_NOT_SCIENTIFIC_EVIDENCE
34.0,43.0,298.7504268337987,SYNTHETIC_SOFTWARE_TEST_NOT_SCIENTIFIC_EVIDENCE
34.0,43.5,339.1940764913531,SYNTHETIC_SOFTWARE_TEST_NOT_SCIENTIFIC_EVIDENCE
34.0,44.0,391.09513396130603,SYNTHETIC_SOFTWARE_TEST_NOT_SCIENTIFIC_EVIDENCE
34.0,44.5,310.29457776823676,SYNTHETIC_SOFTWARE_TEST_NOT_SCIENTIFIC_EVIDENCE
34.0,45.0,241.74448636154568,SYNTHETIC_SOFTWARE_TEST_NOT_SCIENTIFIC_EVIDENCE
34.0,45.5,185.8342242854679,SYNTHETIC_SOFTWARE_TEST_NOT_SCIENTIFIC_EVIDENCE
34.0,46.0,140.35431434667805,SYNTHETIC_SOFTWARE_TEST_NOT_SCIENTIFIC_EVIDENCE
34.0,46.5,103.516303007581,SYNTHETIC_SOFTWARE_TEST_NOT_SCIENTIFIC_EVIDENCE
34.0,47.0,73.88592672966568,SYNTHETIC_SOFTWARE_TEST_NOT_SCIENTIFIC_EVIDENCE
34.0,47.5,50.328891704993744,SYNTHETIC_SOFTWARE_TEST_NOT_SCIENTIFIC_EVIDENCE
34.0,48.0,31.967283340879113,SYNTHETIC_SOFTWARE_TEST_NOT_SCIENTIFIC_EVIDENCE
34.0,48.5,18.144991229859368,SYNTHETIC_SOFTWARE_TEST_NOT_SCIENTIFIC_EVIDENCE
34.0,49.0,8.400846233409473,SYNTHETIC_SOFTWARE_TEST_NOT_SCIENTIFIC_EVIDENCE
34.0,49.5,2.4484294948113954,SYNTHETIC_SOFTWARE_TEST_NOT_SCIENTIFIC_EVIDENCE
34.0,50.0,0.1617377165402323,SYNTHETIC_SOFTWARE_TEST_NOT_SCIENTIFIC_EVIDENCE
34.0,50.5,1.5660825271491237,SYNTHETIC_SOFTWARE_TEST_NOT_SCIENTIFIC_EVIDENCE
34.0,51.0,6.833770715742694,SYNTHETIC_SOFTWARE_TEST_NOT_SCIENTIFIC_EVIDENCE
34.0,51.5,16.284262101069253,SYNTHETIC_SOFTWARE_TEST_NOT_SCIENTIFIC_EVIDENCE
34.0,52.0,30.38863766566577,SYNTHETIC_SOFTWARE_TEST_NOT_SCIENTIFIC_EVIDENCE
34.0,52.5,49.77833658869708,SYNTHETIC_SOFTWARE_TEST_NOT_SCIENTIFIC_EVIDENCE
34.0,53.0,75.25824078478352,SYNTHETIC_SOFTWARE_TEST_NOT_SCIENTIFIC_EVIDENCE
34.0,53.5,107.8243030175148,SYNTHETIC_SOFTWARE_TEST_NOT_SCIENTIFIC_EVIDENCE
34.0,54.0,148.68603291755568,SYNTHETIC_SOFTWARE_TEST_NOT_SCIENTIFIC_EVIDENCE
34.0,54.5,111.3972936209883,SYNTHETIC_SOFTWARE_TEST_NOT_SCIENTIFIC_EVIDENCE
34.0,55.0,87.33827937819844,SYNTHETIC_SOFTWARE_TEST_NOT_SCIENTIFIC_EVIDENCE
34.0,55.5,76.00510696689277,SYNTHETIC_SOFTWARE_TEST_NOT_SCIENTIFIC_EVIDENCE
34.0,56.0,75.51606392564966,SYNTHETIC_SOFTWARE_TEST_NOT_SCIENTIFIC_EVIDENCE
34.0,56.5,84.44794355909569,SYNTHETIC_SOFTWARE_TEST_NOT_SCIENTIFIC_EVIDENCE
34.0,57.0,101.77141320207397,SYNTHETIC_SOFTWARE_TEST_NOT_SCIENTIFIC_EVIDENCE
34.0,57.5,126.80033392908413,SYNTHETIC_SOFTWARE_TEST_NOT_SCIENTIFIC_EVIDENCE
34.0,58.0,159.15304510649742,SYNTHETIC_SOFTWARE_TEST_NOT_SCIENTIFIC_EVIDENCE
34.0,58.5,198.72403599756203,SYNTHETIC_SOFTWARE_TEST_NOT_SCIENTIFIC_EVIDENCE
34.0,59.0,245.66477607122837,SYNTHETIC_SOFTWARE_TEST_NOT_SCIENTIFIC_EVIDENCE
34.0,59.5,300.37277760675386,SYNTHETIC_SOFTWARE_TEST_NOT_SCIENTIFIC_EVIDENCE
34.0,60.0,363.4882287391631,SYNTHETIC_SOFTWARE_TEST_NOT_SCIENTIFIC_EVIDENCE
35.0,40.0,261.05215640269483,SYNTHETIC_SOFTWARE_TEST_NOT_SCIENTIFIC_EVIDENCE
35.0,40.5,246.76398149689493,SYNTHETIC_SOFTWARE_TEST_NOT_SCIENTIFIC_EVIDENCE
35.0,41.0,241.70073309385262,SYNTHETIC_SOFTWARE_TEST_NOT_SCIENTIFIC_EVIDENCE
35.0,41.5,245.6683605889003,SYNTHETIC_SOFTWARE_TEST_NOT_SCIENTIFIC_EVIDENCE
35.0,42.0,258.7490747660281,SYNTHETIC_SOFTWARE_TEST_NOT_SCIENTIFIC_EVIDENCE
35.0,42.5,281.2951190154911,SYNTHETIC_SOFTWARE_TEST_NOT_SCIENTIFIC_EVIDENCE
35.0,43.0,313.93025768363384,SYNTHETIC_SOFTWARE_TEST_NOT_SCIENTIFIC_EVIDENCE
35.0,43.5,357.5587367306206,SYNTHETIC_SOFTWARE_TEST_NOT_SCIENTIFIC_EVIDENCE
35.0,44.0,413.3816855984343,SYNTHETIC_SOFTWARE_TEST_NOT_SCIENTIFIC_EVIDENCE
35.0,44.5,327.4613484970216,SYNTHETIC_SOFTWARE_TEST_NOT_SCIENTIFIC_EVIDENCE
35.0,45.0,254.5759138628184,SYNTHETIC_SOFTWARE_TEST_NOT_SCIENTIFIC_EVIDENCE
35.0,45.5,195.15977729298416,SYNTHETIC_SOFTWARE_TEST_NOT_SCIENTIFIC_EVIDENCE
35.0,46.0,146.8689524655488,SYNTHETIC_SOFTWARE_TEST_NOT_SCIENTIFIC_EVIDENCE
35.0,46.5,107.80615563841033,SYNTHETIC_SOFTWARE_TEST_NOT_SCIENTIFIC_EVIDENCE
35.0,47.0,76.4499577502439,SYNTHETIC_SOFTWARE_TEST_NOT_SCIENTIFIC_EVIDENCE
35.0,47.5,51.59730687108782,SYNTHETIC_SOFTWARE_TEST_NOT_SCIENTIFIC_EVIDENCE
35.0,48.0,32.31731874334905,SYNTHETIC_SOFTWARE_TEST_NOT_SCIENTIFIC_EVIDENCE
35.0,48.5,17.914624598920824,SYNTHETIC_SOFTWARE_TEST_NOT_SCIENTIFIC_EVIDENCE
35.0,49.0,7.900894920400664,SYNTHETIC_SOFTWARE_TEST_NOT_SCIENTIFIC_EVIDENCE
35.0,49.5,1.9734367379035123,SYNTHETIC_SOFTWARE_TEST_NOT_SCIENTIFIC_EVIDENCE
35.0,50.0,0.0,SYNTHETIC_SOFTWARE_TEST_NOT_SCIENTIFIC_EVIDENCE
35.0,50.5,2.0091336205999624,SYNTHETIC_SOFTWARE_TEST_NOT_SCIENTIFIC_EVIDENCE
35.0,51.0,8.185610864748497,SYNTHETIC_SOFTWARE_TEST_NOT_SCIENTIFIC_EVIDENCE
35.0,51.5,18.870602700448742,SYNTHETIC_SOFTWARE_TEST_NOT_SCIENTIFIC_EVIDENCE
35.0,52.0,34.56642173838128,SYNTHETIC_SOFTWARE_TEST_NOT_SCIENTIFIC_EVIDENCE
35.0,52.5,55.94579292685226,SYNTHETIC_SOFTWARE_TEST_NOT_SCIENTIFIC_EVIDENCE
35.0,53.0,83.86573432491886,SYNTHETIC_SOFTWARE_TEST_NOT_SCIENTIFIC_EVIDENCE
35.0,53.5,119.38625576980287,SYNTHETIC_SOFTWARE_TEST_NOT_SCIENTIFIC_EVIDENCE
35.0,54.0,163.7942085953163,SYNTHETIC_SOFTWARE_TEST_NOT_SCIENTIFIC_EVIDENCE
35.0,54.5,122.69325423210722,SYNTHETIC_SOFTWARE_TEST_NOT_SCIENTIFIC_EVIDENCE
35.0,55.0,95.69777238666188,SYNTHETIC_SOFTWARE_TEST_NOT_SCIENTIFIC_EVIDENCE
35.0,55.5,82.31994728848014,SYNTHETIC_SOFTWARE_TEST_NOT_SCIENTIFIC_EVIDENCE
35.0,56.0,80.55376235989954,SYNTHETIC_SOFTWARE_TEST_NOT_SCIENTIFIC_EVIDENCE
35.0,56.5,88.88013501874552,SYNTHETIC_SOFTWARE_TEST_NOT_SCIENTIFIC_EVIDENCE
35.0,57.0,106.19833134039845,SYNTHETIC_SOFTWARE_TEST_NOT_SCIENTIFIC_EVIDENCE
35.0,57.5,131.7721734111175,SYNTHETIC_SOFTWARE_TEST_NOT_SCIENTIFIC_EVIDENCE
35.0,58.0,165.18893342630238,SYNTHETIC_SOFTWARE_TEST_NOT_SCIENTIFIC_EVIDENCE
35.0,58.5,206.32924186948284,SYNTHETIC_SOFTWARE_TEST_NOT_SCIENTIFIC_EVIDENCE
35.0,59.0,255.3467074685043,SYNTHETIC_SOFTWARE_TEST_NOT_SCIENTIFIC_EVIDENCE
35.0,59.5,312.6562666451764,SYNTHETIC_SOFTWARE_TEST_NOT_SCIENTIFIC_EVIDENCE
35.0,60.0,378.93056056991963,SYNTHETIC_SOFTWARE_TEST_NOT_SCIENTIFIC_EVIDENCE
36.0,40.0,270.1344258114966,SYNTHETIC_SOFTWARE_TEST_NOT_SCIENTIFIC_EVIDENCE
36.0,40.5,255.5522857008911,SYNTHETIC_SOFTWARE_TEST_NOT_SCIENTIFIC_EVIDENCE
36.0,41.0,250.76026586018315,SYNTHETIC_SOFTWARE_TEST_NOT_SCIENTIFIC_EVIDENCE
36.0,41.5,255.5563482998936,SYNTHETIC_SOFTWARE_TEST_NOT_SCIENTIFIC_EVIDENCE
36.0,42.0,270.03095616806075,SYNTHETIC_SOFTWARE_TEST_NOT_SCIENTIFIC_EVIDENCE
36.0,42.5,294.5603843376136,SYNTHETIC_SOFTWARE_TEST_NOT_SCIENTIFIC_EVIDENCE
36.0,43.0,329.8083952978762,SYNTHETIC_SOFTWARE_TEST_NOT_SCIENTIFIC_EVIDENCE
36.0,43.5,376.7357214646878,SYNTHETIC_SOFTWARE_TEST_NOT_SCIENTIFIC_EVIDENCE
36.0,44.0,436.6174411422228,SYNTHETIC_SOFTWARE_TEST_NOT_SCIENTIFIC_EVIDENCE
36.0,44.5,345.42056347752464,SYNTHETIC_SOFTWARE_TEST_NOT_SCIENTIFIC_EVIDENCE
36.0,45.0,268.06726195475255,SYNTHETIC_SOFTWARE_TEST_NOT_SCIENTIFIC_EVIDENCE
36.0,45.5,205.03888203282287,SYNTHETIC_SOFTWARE_TEST_NOT_SCIENTIFIC_EVIDENCE
36.0,46.0,153.852955432246,SYNTHETIC_SOFTWARE_TEST_NOT_SCIENTIFIC_EVIDENCE
36.0,46.5,112.50015514184884,SYNTHETIC_SOFTWARE_TEST_NOT_SCIENTIFIC_EVIDENCE
36.0,47.0,79.36931621743018,SYNTHETIC_SOFTWARE_TEST_NOT_SCIENTIFIC_EVIDENCE
36.0,47.5,53.186605947608776,SYNTHETIC_SOFTWARE_TEST_NOT_SCIENTIFIC_EVIDENCE
36.0,48.0,32.96661905860033,SYNTHETIC_SOFTWARE_TEST_NOT_SCIENTIFIC_EVIDENCE
36.0,48.5,17.97358779332683,SYNTHETIC_SOFTWARE_TEST_NOT_SCIENTIFIC_EVIDENCE
36.0,49.0,7.691245308040743,SYNTHETIC_SOFTWARE_TEST_NOT_SCIENTIFIC_EVIDENCE
36.0,49.5,1.8001759465958072,SYNTHETIC_SOFTWARE_TEST_NOT_SCIENTIFIC_EVIDENCE
36.0,50.0,0.16173771654023403,SYNTHETIC_SOFTWARE_TEST_NOT_SCIENTIFIC_EVIDENCE
36.0,50.5,2.807859264323019,SYNTHETIC_SOFTWARE_TEST_NOT_SCIENTIFIC_EVIDENCE
36.0,51.0,9.936203109741278,SYNTHETIC_SOFTWARE_TEST_NOT_SCIENTIFIC_EVIDENCE
36.0,51.5,21.910355099894886,SYNTHETIC_SOFTWARE_TEST_NOT_SCIENTIFIC_EVIDENCE
36.0,52.0,39.2648524053295,SYNTHETIC_SOFTWARE_TEST_NOT_SCIENTIFIC_EVIDENCE
36.0,52.5,62.715003687982865,SYNTHETIC_SOFTWARE_TEST_NOT_SCIENTIFIC_EVIDENCE
36.0,53.0,93.1715896168889,SYNTHETIC_SOFTWARE_TEST_NOT_SCIENTIFIC_EVIDENCE
36.0,53.5,131.76066363691814,SYNTHETIC_SOFTWARE_TEST_NOT_SCIENTIFIC_EVIDENCE
36.0,54.0,179.8488055216283,SYNTHETIC_SOFTWARE_TEST_NOT_SCIENTIFIC_EVIDENCE
36.0,54.5,134.78046538090499,SYNTHETIC_SOFTWARE_TEST_NOT_SCIENTIFIC_EVIDENCE
36.0,55.0,104.72115310213601,SYNTHETIC_SOFTWARE_TEST_NOT_SCIENTIFIC_EVIDENCE
36.0,55.5,89.2008853692757,SYNTHETIC_SOFTWARE_TEST_NOT_SCIENTIFIC_EVIDENCE
36.0,56.0,86.08540093801606,SYNTHETIC_SOFTWARE_TEST_NOT_SCIENTIFIC_EVIDENCE
36.0,56.5,93.75665466130422,SYNTHETIC_SOFTWARE_TEST_NOT_SCIENTIFIC_EVIDENCE
36.0,57.0,111.04016125395448,SYNTHETIC_SOFTWARE_TEST_NOT_SCIENTIFIC_EVIDENCE
36.0,57.5,137.14799761789348,SYNTHETIC_SOFTWARE_TEST_NOT_SCIENTIFIC_EVIDENCE
36.0,58.0,171.63523495707994,SYNTHETIC_SOFTWARE_TEST_NOT_SCIENTIFIC_EVIDENCE
36.0,58.5,214.36803037402476,SYNTHETIC_SOFTWARE_TEST_NOT_SCIENTIFIC_EVIDENCE
36.0,59.0,265.5019995282979,SYNTHETIC_SOFTWARE_TEST_NOT_SCIENTIFIC_EVIDENCE
36.0,59.5,325.4698305616854,SYNTHETIC_SOFTWARE_TEST_NOT_SCIENTIFIC_EVIDENCE
36.0,60.0,394.97739619272386,SYNTHETIC_SOFTWARE_TEST_NOT_SCIENTIFIC_EVIDENCE
37.0,40.0,279.62138724516694,SYNTHETIC_SOFTWARE_TEST_NOT_SCIENTIFIC_EVIDENCE
37.0,40.5,264.75163017219626,SYNTHETIC_SOFTWARE_TEST_NOT_SCIENTIFIC_EVIDENCE
37.0,41.0,260.253944049513,SYNTHETIC_SOFTWARE_TEST_NOT_SCIENTIFIC_EVIDENCE
37.0,41.5,265.91820888716893,SYNTHETIC_SOFTWARE_TEST_NOT_SCIENTIFIC_EVIDENCE
37.0,42.0,281.84338594638984,SYNTHETIC_SOFTWARE_TEST_NOT_SCIENTIFIC_EVIDENCE
37.0,42.5,308.43059865976863,SYNTHETIC_SOFTWARE_TEST_NOT_SCIENTIFIC_EVIDENCE
37.0,43.0,346.3848396765258,SYNTHETIC_SOFTWARE_TEST_NOT_SCIENTIFIC_EVIDENCE
37.0,43.5,396.72503069355383,SYNTHETIC_SOFTWARE_TEST_NOT_SCIENTIFIC_EVIDENCE
37.0,44.0,460.80240059267186,SYNTHETIC_SOFTWARE_TEST_NOT_SCIENTIFIC_EVIDENCE
37.0,44.5,364.1722227097456,SYNTHETIC_SOFTWARE_TEST_NOT_SCIENTIFIC_EVIDENCE
37.0,45.0,282.21853063734824,SYNTHETIC_SOFTWARE_TEST_NOT_SCIENTIFIC_EVIDENCE
37.0,45.5,215.47153850498415,SYNTHETIC_SOFTWARE_TEST_NOT_SCIENTIFIC_EVIDENCE
37.0,46.0,161.30632324676958,SYNTHETIC_SOFTWARE_TEST_NOT_SCIENTIFIC_EVIDENCE
37.0,46.5,117.59830151789643,SYNTHETIC_SOFTWARE_TEST_NOT_SCIENTIFIC_EVIDENCE
37.0,47.0,82.64400213122447,SYNTHETIC_SOFTWARE_TEST_NOT_SCIENTIFIC_EVIDENCE
37.0,47.5,55.0967889345566,SYNTHETIC_SOFTWARE_TEST_NOT_SCIENTIFIC_EVIDENCE
37.0,48.0,33.91518428663292,SYNTHETIC_SOFTWARE_TEST_NOT_SCIENTIFIC_EVIDENCE
37.0,48.5,18.32188081307741,SYNTHETIC_SOFTWARE_TEST_NOT_SCIENTIFIC_EVIDENCE
37.0,49.0,7.771897396329684,SYNTHETIC_SOFTWARE_TEST_NOT_SCIENTIFIC_EVIDENCE
37.0,49.5,1.9286471208882745,SYNTHETIC_SOFTWARE_TEST_NOT_SCIENTIFIC_EVIDENCE
37.0,50.0,0.6469508661609352,SYNTHETIC_SOFTWARE_TEST_NOT_SCIENTIFIC_EVIDENCE
37.0,50.5,3.9622594583182904,SYNTHETIC_SOFTWARE_TEST_NOT_SCIENTIFIC_EVIDENCE
37.0,51.0,12.085547450721027,SYNTHETIC_SOFTWARE_TEST_NOT_SCIENTIFIC_EVIDENCE
37.0,51.5,25.403519299407606,SYNTHETIC_SOFTWARE_TEST_NOT_SCIENTIFIC_EVIDENCE
37.0,52.0,44.48392966651037,SYNTHETIC_SOFTWARE_TEST_NOT_SCIENTIFIC_EVIDENCE
37.0,52.5,70.0859688720889,SYNTHETIC_SOFTWARE_TEST_NOT_SCIENTIFIC_EVIDENCE
37.0,53.0,103.17580666069344,SYNTHETIC_SOFTWARE_TEST_NOT_SCIENTIFIC_EVIDENCE
37.0,53.5,144.94752661886028,SYNTHETIC_SOFTWARE_TEST_NOT_SCIENTIFIC_EVIDENCE
37.0,54.0,196.84982369649188,SYNTHETIC_SOFTWARE_TEST_NOT_SCIENTIFIC_EVIDENCE
37.0,54.5,147.65892706738137,SYNTHETIC_SOFTWARE_TEST_NOT_SCIENTIFIC_EVIDENCE
37.0,55.0,114.4084215246209,SYNTHETIC_SOFTWARE_TEST_NOT_SCIENTIFIC_EVIDENCE
37.0,55.5,96.64792120927945,SYNTHETIC_SOFTWARE_TEST_NOT_SCIENTIFIC_EVIDENCE
37.0,56.0,92.11097965999919,SYNTHETIC_SOFTWARE_TEST_NOT_SCIENTIFIC_EVIDENCE
37.0,56.5,99.07750248677182,SYNTHETIC_SOFTWARE_TEST_NOT_SCIENTIFIC_EVIDENCE
37.0,57.0,116.29690294274198,SYNTHETIC_SOFTWARE_TEST_NOT_SCIENTIFIC_EVIDENCE
37.0,57.5,142.92780654941205,SYNTHETIC_SOFTWARE_TEST_NOT_SCIENTIFIC_EVIDENCE
37.0,58.0,178.49194969883004,SYNTHETIC_SOFTWARE_TEST_NOT_SCIENTIFIC_EVIDENCE
37.0,58.5,222.84040151118782,SYNTHETIC_SOFTWARE_TEST_NOT_SCIENTIFIC_EVIDENCE
37.0,59.0,276.1306522506091,SYNTHETIC_SOFTWARE_TEST_NOT_SCIENTIFIC_EVIDENCE
37.0,59.5,338.8134693562808,SYNTHETIC_SOFTWARE_TEST_NOT_SCIENTIFIC_EVIDENCE
37.0,60.0,411.6287356075758,SYNTHETIC_SOFTWARE_TEST_NOT_SCIENTIFIC_EVIDENCE
38.0,40.0,289.5130407037056,SYNTHETIC_SOFTWARE_TEST_NOT_SCIENTIFIC_EVIDENCE
38.0,40.5,274.3620149108105,SYNTHETIC_SOFTWARE_TEST_NOT_SCIENTIFIC_EVIDENCE
38.0,41.0,270.18176766184183,SYNTHETIC_SOFTWARE_TEST_NOT_SCIENTIFIC_EVIDENCE
38.0,41.5,276.7539423507261,SYNTHETIC_SOFTWARE_TEST_NOT_SCIENTIFIC_EVIDENCE
38.0,42.0,294.18636410101556,SYNTHETIC_SOFTWARE_TEST_NOT_SCIENTIFIC_EVIDENCE
38.0,42.5,322.9057619819564,SYNTHETIC_SOFTWARE_TEST_NOT_SCIENTIFIC_EVIDENCE
38.0,43.0,363.6595908195828,SYNTHETIC_SOFTWARE_TEST_NOT_SCIENTIFIC_EVIDENCE
38.0,43.5,417.52666441721914,SYNTHETIC_SOFTWARE_TEST_NOT_SCIENTIFIC_EVIDENCE
38.0,44.0,485.9365639497809,SYNTHETIC_SOFTWARE_TEST_NOT_SCIENTIFIC_EVIDENCE
38.0,44.5,383.71632619368444,SYNTHETIC_SOFTWARE_TEST_NOT_SCIENTIFIC_EVIDENCE
38.0,45.0,297.029719910605,SYNTHETIC_SOFTWARE_TEST_NOT_SCIENTIFIC_EVIDENCE
38.0,45.5,226.4577467094678,SYNTHETIC_SOFTWARE_TEST_NOT_SCIENTIFIC_EVIDENCE
38.0,46.0,169.22905590911952,SYNTHETIC_SOFTWARE_TEST_NOT_SCIENTIFIC_EVIDENCE
38.0,46.5,123.10059476655304,SYNTHETIC_SOFTWARE_TEST_NOT_SCIENTIFIC_EVIDENCE
38.0,47.0,86.27401549162677,SYNTHETIC_SOFTWARE_TEST_NOT_SCIENTIFIC_EVIDENCE
38.0,47.5,57.327855831931274,SYNTHETIC_SOFTWARE_TEST_NOT_SCIENTIFIC_EVIDENCE
38.0,48.0,35.16301442744683,SYNTHETIC_SOFTWARE_TEST_NOT_SCIENTIFIC_EVIDENCE
38.0,48.5,18.95950365817254,SYNTHETIC_SOFTWARE_TEST_NOT_SCIENTIFIC_EVIDENCE
38.0,49.0,8.142851185267483,SYNTHETIC_SOFTWARE_TEST_NOT_SCIENTIFIC_EVIDENCE
38.0,49.5,2.3588502607809234,SYNTHETIC_SOFTWARE_TEST_NOT_SCIENTIFIC_EVIDENCE
38.0,50.0,1.455639448862101,SYNTHETIC_SOFTWARE_TEST_NOT_SCIENTIFIC_EVIDENCE
38.0,50.5,5.472334202585762,SYNTHETIC_SOFTWARE_TEST_NOT_SCIENTIFIC_EVIDENCE
38.0,51.0,14.63364388768768,SYNTHETIC_SOFTWARE_TEST_NOT_SCIENTIFIC_EVIDENCE
38.0,51.5,29.350095298986883,SYNTHETIC_SOFTWARE_TEST_NOT_SCIENTIFIC_EVIDENCE
38.0,52.0,50.22365352192388,SYNTHETIC_SOFTWARE_TEST_NOT_SCIENTIFIC_EVIDENCE
38.0,52.5,78.05868847917027,SYNTHETIC_SOFTWARE_TEST_NOT_SCIENTIFIC_EVIDENCE
38.0,53.0,113.87838545633264,SYNTHETIC_SOFTWARE_TEST_NOT_SCIENTIFIC_EVIDENCE
38.0,53.5,158.9468447156295,SYNTHETIC_SOFTWARE_TEST_NOT_SCIENTIFIC_EVIDENCE
38.0,54.0,214.79726311990672,SYNTHETIC_SOFTWARE_TEST_NOT_SCIENTIFIC_EVIDENCE
38.0,54.5,161.32863929153638,SYNTHETIC_SOFTWARE_TEST_NOT_SCIENTIFIC_EVIDENCE
38.0,55.0,124.75957765411634,SYNTHETIC_SOFTWARE_TEST_NOT_SCIENTIFIC_EVIDENCE
38.0,55.5,104.66105480849133,SYNTHETIC_SOFTWARE_TEST_NOT_SCIENTIFIC_EVIDENCE
38.0,56.0,98.63049852584888,SYNTHETIC_SOFTWARE_TEST_NOT_SCIENTIFIC_EVIDENCE
38.0,56.5,104.8426784951483,SYNTHETIC_SOFTWARE_TEST_NOT_SCIENTIFIC_EVIDENCE
38.0,57.0,121.96855640676097,SYNTHETIC_SOFTWARE_TEST_NOT_SCIENTIFIC_EVIDENCE
38.0,57.5,149.1116002056732,SYNTHETIC_SOFTWARE_TEST_NOT_SCIENTIFIC_EVIDENCE
38.0,58.0,185.75907765155267,SYNTHETIC_SOFTWARE_TEST_NOT_SCIENTIFIC_EVIDENCE
38.0,58.5,231.7463552809717,SYNTHETIC_SOFTWARE_TEST_NOT_SCIENTIFIC_EVIDENCE
38.0,59.0,287.23266563543774,SYNTHETIC_SOFTWARE_TEST_NOT_SCIENTIFIC_EVIDENCE
38.0,59.5,352.68718302896224,SYNTHETIC_SOFTWARE_TEST_NOT_SCIENTIFIC_EVIDENCE
38.0,60.0,428.8845788144753,SYNTHETIC_SOFTWARE_TEST_NOT_SCIENTIFIC_EVIDENCE
39.0,40.0,299.80938618711303,SYNTHETIC_SOFTWARE_TEST_NOT_SCIENTIFIC_EVIDENCE
39.0,40.5,284.38343991673406,SYNTHETIC_SOFTWARE_TEST_NOT_SCIENTIFIC_EVIDENCE
39.0,41.0,280.5437366971702,SYNTHETIC_SOFTWARE_TEST_NOT_SCIENTIFIC_EVIDENCE
39.0,41.5,288.06354869056526,SYNTHETIC_SOFTWARE_TEST_NOT_SCIENTIFIC_EVIDENCE
39.0,42.0,307.05989063193806,SYNTHETIC_SOFTWARE_TEST_NOT_SCIENTIFIC_EVIDENCE
39.0,42.5,337.98587430417683,SYNTHETIC_SOFTWARE_TEST_NOT_SCIENTIFIC_EVIDENCE
39.0,43.0,381.63264872704724,SYNTHETIC_SOFTWARE_TEST_NOT_SCIENTIFIC_EVIDENCE
39.0,43.5,439.14062263568366,SYNTHETIC_SOFTWARE_TEST_NOT_SCIENTIFIC_EVIDENCE
39.0,44.0,512.0199312135503,SYNTHETIC_SOFTWARE_TEST_NOT_SCIENTIFIC_EVIDENCE
39.0,44.5,404.0528739293415,SYNTHETIC_SOFTWARE_TEST_NOT_SCIENTIFIC_EVIDENCE
39.0,45.0,312.5008297745234,SYNTHETIC_SOFTWARE_TEST_NOT_SCIENTIFIC_EVIDENCE
39.0,45.5,237.9975066462742,SYNTHETIC_SOFTWARE_TEST_NOT_SCIENTIFIC_EVIDENCE
39.0,46.0,177.62115341929598,SYNTHETIC_SOFTWARE_TEST_NOT_SCIENTIFIC_EVIDENCE
39.0,46.5,129.0070348878188,SYNTHETIC_SOFTWARE_TEST_NOT_SCIENTIFIC_EVIDENCE
39.0,47.0,90.25935629863713,SYNTHETIC_SOFTWARE_TEST_NOT_SCIENTIFIC_EVIDENCE
39.0,47.5,59.87980663973289,SYNTHETIC_SOFTWARE_TEST_NOT_SCIENTIFIC_EVIDENCE
39.0,48.0,36.7101094810421,SYNTHETIC_SOFTWARE_TEST_NOT_SCIENTIFIC_EVIDENCE
39.0,48.5,19.886456328612255,SYNTHETIC_SOFTWARE_TEST_NOT_SCIENTIFIC_EVIDENCE
39.0,49.0,8.804106674854177,SYNTHETIC_SOFTWARE_TEST_NOT_SCIENTIFIC_EVIDENCE
39.0,49.5,3.0907853662737557,SYNTHETIC_SOFTWARE_TEST_NOT_SCIENTIFIC_EVIDENCE
39.0,50.0,2.587803464643735,SYNTHETIC_SOFTWARE_TEST_NOT_SCIENTIFIC_EVIDENCE
39.0,50.5,7.338083497125447,SYNTHETIC_SOFTWARE_TEST_NOT_SCIENTIFIC_EVIDENCE
39.0,51.0,17.580492420641367,SYNTHETIC_SOFTWARE_TEST_NOT_SCIENTIFIC_EVIDENCE
39.0,51.5,33.75008309863275,SYNTHETIC_SOFTWARE_TEST_NOT_SCIENTIFIC_EVIDENCE
39.0,52.0,56.48402397157017,SYNTHETIC_SOFTWARE_TEST_NOT_SCIENTIFIC_EVIDENCE
39.0,52.5,86.6331625092271,SYNTHETIC_SOFTWARE_TEST_NOT_SCIENTIFIC_EVIDENCE
39.0,53.0,125.27932600380653,SYNTHETIC_SOFTWARE_TEST_NOT_SCIENTIFIC_EVIDENCE
39.0,53.5,173.75861792722563,SYNTHETIC_SOFTWARE_TEST_NOT_SCIENTIFIC_EVIDENCE
39.0,54.0,233.69112379187305,SYNTHETIC_SOFTWARE_TEST_NOT_SCIENTIFIC_EVIDENCE
39.0,54.5,175.78960205337032,SYNTHETIC_SOFTWARE_TEST_NOT_SCIENTIFIC_EVIDENCE
39.0,55.0,135.77462149062254,SYNTHETIC_SOFTWARE_TEST_NOT_SCIENTIFIC_EVIDENCE
39.0,55.5,113.24028616691147,SYNTHETIC_SOFTWARE_TEST_NOT_SCIENTIFIC_EVIDENCE
39.0,56.0,105.64395753556524,SYNTHETIC_SOFTWARE_TEST_NOT_SCIENTIFIC_EVIDENCE
39.0,56.5,111.05218268643361,SYNTHETIC_SOFTWARE_TEST_NOT_SCIENTIFIC_EVIDENCE
39.0,57.0,128.0551216460115,SYNTHETIC_SOFTWARE_TEST_NOT_SCIENTIFIC_EVIDENCE
39.0,57.5,155.69937858667691,SYNTHETIC_SOFTWARE_TEST_NOT_SCIENTIFIC_EVIDENCE
39.0,58.0,193.43661881524775,SYNTHETIC_SOFTWARE_TEST_NOT_SCIENTIFIC_EVIDENCE
39.0,58.5,241.0858916833769,SYNTHETIC_SOFTWARE_TEST_NOT_SCIENTIFIC_EVIDENCE
39.0,59.0,298.80803968278394,SYNTHETIC_SOFTWARE_TEST_NOT_SCIENTIFIC_EVIDENCE
39.0,59.5,367.09097157973054,SYNTHETIC_SOFTWARE_TEST_NOT_SCIENTIFIC_EVIDENCE
39.0,60.0,446.74492581342236,SYNTHETIC_SOFTWARE_TEST_NOT_SCIENTIFIC_EVIDENCE
40.0,40.0,310.5104236953887,SYNTHETIC_SOFTWARE_TEST_NOT_SCIENTIFIC_EVIDENCE
40.0,40.5,294.81590518996654,SYNTHETIC_SOFTWARE_TEST_NOT_SCIENTIFIC_EVIDENCE
40.0,41.0,291.3398511554974,SYNTHETIC_SOFTWARE_TEST_NOT_SCIENTIFIC_EVIDENCE
40.0,41.5,299.84702790668644,SYNTHETIC_SOFTWARE_TEST_NOT_SCIENTIFIC_EVIDENCE
40.0,42.0,320.46396553915713,SYNTHETIC_SOFTWARE_TEST_NOT_SCIENTIFIC_EVIDENCE
40.0,42.5,353.67093562642987,SYNTHETIC_SOFTWARE_TEST_NOT_SCIENTIFIC_EVIDENCE
40.0,43.0,400.30401339891887,SYNTHETIC_SOFTWARE_TEST_NOT_SCIENTIFIC_EVIDENCE
40.0,43.5,461.5669053489475,SYNTHETIC_SOFTWARE_TEST_NOT_SCIENTIFIC_EVIDENCE
40.0,44.0,539.0525023839798,SYNTHETIC_SOFTWARE_TEST_NOT_SCIENTIFIC_EVIDENCE
40.0,44.5,425.1818659167165,SYNTHETIC_SOFTWARE_TEST_NOT_SCIENTIFIC_EVIDENCE
40.0,45.0,328.63186022910315,SYNTHETIC_SOFTWARE_TEST_NOT_SCIENTIFIC_EVIDENCE
40.0,45.5,250.09081831540283,SYNTHETIC_SOFTWARE_TEST_NOT_SCIENTIFIC_EVIDENCE
40.0,46.0,186.4826157772988,SYNTHETIC_SOFTWARE_TEST_NOT_SCIENTIFIC_EVIDENCE
40.0,46.5,135.3176218816935,SYNTHETIC_SOFTWARE_TEST_NOT_SCIENTIFIC_EVIDENCE
40.0,47.0,94.6000245522555,SYNTHETIC_SOFTWARE_TEST_NOT_SCIENTIFIC_EVIDENCE
40.0,47.5,62.7526413579613,SYNTHETIC_SOFTWARE_TEST_NOT_SCIENTIFIC_EVIDENCE
40.0,48.0,38.556469447418614,SYNTHETIC_SOFTWARE_TEST_NOT_SCIENTIFIC_EVIDENCE
40.0,48.5,21.102738824396514,SYNTHETIC_SOFTWARE_TEST_NOT_SCIENTIFIC_EVIDENCE
40.0,49.0,9.755663865089712,SYNTHETIC_SOFTWARE_TEST_NOT_SCIENTIFIC_EVIDENCE
40.0,49.5,4.124452437366759,SYNTHETIC_SOFTWARE_TEST_NOT_SCIENTIFIC_EVIDENCE
40.0,50.0,4.043442913505833,SYNTHETIC_SOFTWARE_TEST_NOT_SCIENTIFIC_EVIDENCE
40.0,50.5,9.559507341937344,SYNTHETIC_SOFTWARE_TEST_NOT_SCIENTIFIC_EVIDENCE
40.0,51.0,20.92609304958193,SYNTHETIC_SOFTWARE_TEST_NOT_SCIENTIFIC_EVIDENCE
40.0,51.5,38.60348269834521,SYNTHETIC_SOFTWARE_TEST_NOT_SCIENTIFIC_EVIDENCE
40.0,52.0,63.265041015449036,SYNTHETIC_SOFTWARE_TEST_NOT_SCIENTIFIC_EVIDENCE
40.0,52.5,95.8093909622593,SYNTHETIC_SOFTWARE_TEST_NOT_SCIENTIFIC_EVIDENCE
40.0,53.0,137.378628303115,SYNTHETIC_SOFTWARE_TEST_NOT_SCIENTIFIC_EVIDENCE
40.0,53.5,189.38284625364886,SYNTHETIC_SOFTWARE_TEST_NOT_SCIENTIFIC_EVIDENCE
40.0,54.0,253.5314057123907,SYNTHETIC_SOFTWARE_TEST_NOT_SCIENTIFIC_EVIDENCE
40.0,54.5,191.0418153528828,SYNTHETIC_SOFTWARE_TEST_NOT_SCIENTIFIC_EVIDENCE
40.0,55.0,147.45355303413936,SYNTHETIC_SOFTWARE_TEST_NOT_SCIENTIFIC_EVIDENCE
40.0,55.5,122.38561528453971,SYNTHETIC_SOFTWARE_TEST_NOT_SCIENTIFIC_EVIDENCE
40.0,56.0,113.15135668914819,SYNTHETIC_SOFTWARE_TEST_NOT_SCIENTIFIC_EVIDENCE
40.0,56.5,117.70601506062782,SYNTHETIC_SOFTWARE_TEST_NOT_SCIENTIFIC_EVIDENCE
40.0,57.0,134.55659866049342,SYNTHETIC_SOFTWARE_TEST_NOT_SCIENTIFIC_EVIDENCE
40.0,57.5,162.69114169242323,SYNTHETIC_SOFTWARE_TEST_NOT_SCIENTIFIC_EVIDENCE
40.0,58.0,201.52457318991543,SYNTHETIC_SOFTWARE_TEST_NOT_SCIENTIFIC_EVIDENCE
40.0,58.5,250.85901071840289,SYNTHETIC_SOFTWARE_TEST_NOT_SCIENTIFIC_EVIDENCE
40.0,59.0,310.85677439264765,SYNTHETIC_SOFTWARE_TEST_NOT_SCIENTIFIC_EVIDENCE
40.0,59.5,382.02483500858494,SYNTHETIC_SOFTWARE_TEST_NOT_SCIENTIFIC_EVIDENCE
40.0,60.0,465.20977660441696,SYNTHETIC_SOFTWARE_TEST_NOT_SCIENTIFIC_EVIDENCE
41.0,40.0,321.616153228533,SYNTHETIC_SOFTWARE_TEST_NOT_SCIENTIFIC_EVIDENCE
41.0,40.5,305.65941073050834,SYNTHETIC_SOFTWARE_TEST_NOT_SCIENTIFIC_EVIDENCE
41.0,41.0,302.570111036824,SYNTHETIC_SOFTWARE_TEST_NOT_SCIENTIFIC_EVIDENCE
41.0,41.5,312.1043799990897,SYNTHETIC_SOFTWARE_TEST_NOT_SCIENTIFIC_EVIDENCE
41.0,42.0,334.3985888226728,SYNTHETIC_SOFTWARE_TEST_NOT_SCIENTIFIC_EVIDENCE
41.0,42.5,369.96094594871573,SYNTHETIC_SOFTWARE_TEST_NOT_SCIENTIFIC_EVIDENCE
41.0,43.0,419.67368483519806,SYNTHETIC_SOFTWARE_TEST_NOT_SCIENTIFIC_EVIDENCE
41.0,43.5,484.8055125570105,SYNTHETIC_SOFTWARE_TEST_NOT_SCIENTIFIC_EVIDENCE
41.0,44.0,567.0342774610697,SYNTHETIC_SOFTWARE_TEST_NOT_SCIENTIFIC_EVIDENCE
41.0,44.5,447.1033021558097,SYNTHETIC_SOFTWARE_TEST_NOT_SCIENTIFIC_EVIDENCE
41.0,45.0,345.42281127434427,SYNTHETIC_SOFTWARE_TEST_NOT_SCIENTIFIC_EVIDENCE
41.0,45.5,262.73768171685396,SYNTHETIC_SOFTWARE_TEST_NOT_SCIENTIFIC_EVIDENCE
41.0,46.0,195.81344298312806,SYNTHETIC_SOFTWARE_TEST_NOT_SCIENTIFIC_EVIDENCE
41.0,46.5,142.03235574817742,SYNTHETIC_SOFTWARE_TEST_NOT_SCIENTIFIC_EVIDENCE
41.0,47.0,99.29602025248191,SYNTHETIC_SOFTWARE_TEST_NOT_SCIENTIFIC_EVIDENCE
41.0,47.5,65.94635998661666,SYNTHETIC_SOFTWARE_TEST_NOT_SCIENTIFIC_EVIDENCE
41.0,48.0,40.70209432657653,SYNTHETIC_SOFTWARE_TEST_NOT_SCIENTIFIC_EVIDENCE
41.0,48.5,22.60835114552535,SYNTHETIC_SOFTWARE_TEST_NOT_SCIENTIFIC_EVIDENCE
41.0,49.0,10.997522755974142,SYNTHETIC_SOFTWARE_TEST_NOT_SCIENTIFIC_EVIDENCE
41.0,49.5,5.459851474059948,SYNTHETIC_SOFTWARE_TEST_NOT_SCIENTIFIC_EVIDENCE
41.0,50.0,5.8225577954484,SYNTHETIC_SOFTWARE_TEST_NOT_SCIENTIFIC_EVIDENCE
41.0,50.5,12.136605737021453,SYNTHETIC_SOFTWARE_TEST_NOT_SCIENTIFIC_EVIDENCE
41.0,51.0,24.67044577450954,SYNTHETIC_SOFTWARE_TEST_NOT_SCIENTIFIC_EVIDENCE
41.0,51.5,43.91029409812429,SYNTHETIC_SOFTWARE_TEST_NOT_SCIENTIFIC_EVIDENCE
41.0,52.0,70.56670465356063,SYNTHETIC_SOFTWARE_TEST_NOT_SCIENTIFIC_EVIDENCE
41.0,52.5,105.587373838267,SYNTHETIC_SOFTWARE_TEST_NOT_SCIENTIFIC_EVIDENCE
41.0,53.0,150.17629235425812,SYNTHETIC_SOFTWARE_TEST_NOT_SCIENTIFIC_EVIDENCE
41.0,53.5,205.81952969489913,SYNTHETIC_SOFTWARE_TEST_NOT_SCIENTIFIC_EVIDENCE
41.0,54.0,274.3181088814598,SYNTHETIC_SOFTWARE_TEST_NOT_SCIENTIFIC_EVIDENCE
41.0,54.5,207.08527919007415,SYNTHETIC_SOFTWARE_TEST_NOT_SCIENTIFIC_EVIDENCE
41.0,55.0,159.7963722846669,SYNTHETIC_SOFTWARE_TEST_NOT_SCIENTIFIC_EVIDENCE
41.0,55.5,132.09704216137615,SYNTHETIC_SOFTWARE_TEST_NOT_SCIENTIFIC_EVIDENCE
41.0,56.0,121.15269598659775,SYNTHETIC_SOFTWARE_TEST_NOT_SCIENTIFIC_EVIDENCE
41.0,56.5,124.80417561773096,SYNTHETIC_SOFTWARE_TEST_NOT_SCIENTIFIC_EVIDENCE
41.0,57.0,141.47298745020694,SYNTHETIC_SOFTWARE_TEST_NOT_SCIENTIFIC_EVIDENCE
41.0,57.5,170.08688952291212,SYNTHETIC_SOFTWARE_TEST_NOT_SCIENTIFIC_EVIDENCE
41.0,58.0,210.02294077555564,SYNTHETIC_SOFTWARE_TEST_NOT_SCIENTIFIC_EVIDENCE
41.0,58.5,261.0657123860502,SYNTHETIC_SOFTWARE_TEST_NOT_SCIENTIFIC_EVIDENCE
41.0,59.0,323.37886976502904,SYNTHETIC_SOFTWARE_TEST_NOT_SCIENTIFIC_EVIDENCE
41.0,59.5,397.48877331552586,SYNTHETIC_SOFTWARE_TEST_NOT_SCIENTIFIC_EVIDENCE
41.0,60.0,484.27913118745965,SYNTHETIC_SOFTWARE_TEST_NOT_SCIENTIFIC_EVIDENCE
42.0,40.0,333.1265747865457,SYNTHETIC_SOFTWARE_TEST_NOT_SCIENTIFIC_EVIDENCE
42.0,40.5,316.91395653835906,SYNTHETIC_SOFTWARE_TEST_NOT_SCIENTIFIC_EVIDENCE
42.0,41.0,314.23451634114974,SYNTHETIC_SOFTWARE_TEST_NOT_SCIENTIFIC_EVIDENCE
42.0,41.5,324.8356049677749,SYNTHETIC_SOFTWARE_TEST_NOT_SCIENTIFIC_EVIDENCE
42.0,42.0,348.86376048248513,SYNTHETIC_SOFTWARE_TEST_NOT_SCIENTIFIC_EVIDENCE
42.0,42.5,386.85590527103415,SYNTHETIC_SOFTWARE_TEST_NOT_SCIENTIFIC_EVIDENCE
42.0,43.0,439.7416630358843,SYNTHETIC_SOFTWARE_TEST_NOT_SCIENTIFIC_EVIDENCE
42.0,43.5,508.8564442598727,SYNTHETIC_SOFTWARE_TEST_NOT_SCIENTIFIC_EVIDENCE
42.0,44.0,595.9652564448197,SYNTHETIC_SOFTWARE_TEST_NOT_SCIENTIFIC_EVIDENCE
42.0,44.5,469.81718264662084,SYNTHETIC_SOFTWARE_TEST_NOT_SCIENTIFIC_EVIDENCE
42.0,45.0,362.87368291024654,SYNTHETIC_SOFTWARE_TEST_NOT_SCIENTIFIC_EVIDENCE
42.0,45.5,275.9380968506276,SYNTHETIC_SOFTWARE_TEST_NOT_SCIENTIFIC_EVIDENCE
42.0,46.0,205.61363503678362,SYNTHETIC_SOFTWARE_TEST_NOT_SCIENTIFIC_EVIDENCE
42.0,46.5,149.15123648727035,SYNTHETIC_SOFTWARE_TEST_NOT_SCIENTIFIC_EVIDENCE
42.0,47.0,104.34734339931636,SYNTHETIC_SOFTWARE_TEST_NOT_SCIENTIFIC_EVIDENCE
42.0,47.5,69.46096252569886,SYNTHETIC_SOFTWARE_TEST_NOT_SCIENTIFIC_EVIDENCE
42.0,48.0,43.14698411851571,SYNTHETIC_SOFTWARE_TEST_NOT_SCIENTIFIC_EVIDENCE
42.0,48.5,24.403293291998757,SYNTHETIC_SOFTWARE_TEST_NOT_SCIENTIFIC_EVIDENCE
42.0,49.0,12.529683347507431,SYNTHETIC_SOFTWARE_TEST_NOT_SCIENTIFIC_EVIDENCE
42.0,49.5,7.096982476353307,SYNTHETIC_SOFTWARE_TEST_NOT_SCIENTIFIC_EVIDENCE
42.0,50.0,7.925148110471428,SYNTHETIC_SOFTWARE_TEST_NOT_SCIENTIFIC_EVIDENCE
42.0,50.5,15.069378682377746,SYNTHETIC_SOFTWARE_TEST_NOT_SCIENTIFIC_EVIDENCE
42.0,51.0,28.813550595424008,SYNTHETIC_SOFTWARE_TEST_NOT_SCIENTIFIC_EVIDENCE
42.0,51.5,49.67051729796993,SYNTHETIC_SOFTWARE_TEST_NOT_SCIENTIFIC_EVIDENCE
42.0,52.0,78.38901488590486,SYNTHETIC_SOFTWARE_TEST_NOT_SCIENTIFIC_EVIDENCE
42.0,52.5,115.96711113724999,SYNTHETIC_SOFTWARE_TEST_NOT_SCIENTIFIC_EVIDENCE
42.0,53.0,163.67231815723574,SYNTHETIC_SOFTWARE_TEST_NOT_SCIENTIFIC_EVIDENCE
42.0,53.5,223.06866825097626,SYNTHETIC_SOFTWARE_TEST_NOT_SCIENTIFIC_EVIDENCE
42.0,54.0,296.0512332990804,SYNTHETIC_SOFTWARE_TEST_NOT_SCIENTIFIC_EVIDENCE
42.0,54.5,223.91999356494415,SYNTHETIC_SOFTWARE_TEST_NOT_SCIENTIFIC_EVIDENCE
42.0,55.0,172.80307924220497,SYNTHETIC_SOFTWARE_TEST_NOT_SCIENTIFIC_EVIDENCE
42.0,55.5,142.37456679742075,SYNTHETIC_SOFTWARE_TEST_NOT_SCIENTIFIC_EVIDENCE
42.0,56.0,129.64797542791385,SYNTHETIC_SOFTWARE_TEST_NOT_SCIENTIFIC_EVIDENCE
42.0,56.5,132.3466643577429,SYNTHETIC_SOFTWARE_TEST_NOT_SCIENTIFIC_EVIDENCE
42.0,57.0,148.80428801515194,SYNTHETIC_SOFTWARE_TEST_NOT_SCIENTIFIC_EVIDENCE
42.0,57.5,177.88662207814357,SYNTHETIC_SOFTWARE_TEST_NOT_SCIENTIFIC_EVIDENCE
42.0,58.0,218.9317215721683,SYNTHETIC_SOFTWARE_TEST_NOT_SCIENTIFIC_EVIDENCE
42.0,58.5,271.7059966863183,SYNTHETIC_SOFTWARE_TEST_NOT_SCIENTIFIC_EVIDENCE
42.0,59.0,336.3743257999279,SYNTHETIC_SOFTWARE_TEST_NOT_SCIENTIFIC_EVIDENCE
42.0,59.5,413.4827865005529,SYNTHETIC_SOFTWARE_TEST_NOT_SCIENTIFIC_EVIDENCE
42.0,60.0,503.9529895625496,SYNTHETIC_SOFTWARE_TEST_NOT_SCIENTIFIC_EVIDENCE
43.0,40.0,345.041688369427,SYNTHETIC_SOFTWARE_TEST_NOT_SCIENTIFIC_EVIDENCE
43.0,40.5,328.57954261351904,SYNTHETIC_SOFTWARE_TEST_NOT_SCIENTIFIC_EVIDENCE
43.0,41.0,326.3330670684749,SYNTHETIC_SOFTWARE_TEST_NOT_SCIENTIFIC_EVIDENCE
43.0,41.5,338.04070281274204,SYNTHETIC_SOFTWARE_TEST_NOT_SCIENTIFIC_EVIDENCE
43.0,42.0,363.85948051859424,SYNTHETIC_SOFTWARE_TEST_NOT_SCIENTIFIC_EVIDENCE
43.0,42.5,404.3558135933851,SYNTHETIC_SOFTWARE_TEST_NOT_SCIENTIFIC_EVIDENCE
43.0,43.0,460.50794800097833,SYNTHETIC_SOFTWARE_TEST_NOT_SCIENTIFIC_EVIDENCE
43.0,43.5,533.7197004575343,SYNTHETIC_SOFTWARE_TEST_NOT_SCIENTIFIC_EVIDENCE
43.0,44.0,625.8454393352299,SYNTHETIC_SOFTWARE_TEST_NOT_SCIENTIFIC_EVIDENCE
43.0,44.5,493.3235073891499,SYNTHETIC_SOFTWARE_TEST_NOT_SCIENTIFIC_EVIDENCE
43.0,45.0,380.9844751368104,SYNTHETIC_SOFTWARE_TEST_NOT_SCIENTIFIC_EVIDENCE
43.0,45.5,289.6920637167235,SYNTHETIC_SOFTWARE_TEST_NOT_SCIENTIFIC_EVIDENCE
43.0,46.0,215.8831919382658,SYNTHETIC_SOFTWARE_TEST_NOT_SCIENTIFIC_EVIDENCE
43.0,46.5,156.67426409897234,SYNTHETIC_SOFTWARE_TEST_NOT_SCIENTIFIC_EVIDENCE
43.0,47.0,109.75399399275884,SYNTHETIC_SOFTWARE_TEST_NOT_SCIENTIFIC_EVIDENCE
43.0,47.5,73.29644897520791,SYNTHETIC_SOFTWARE_TEST_NOT_SCIENTIFIC_EVIDENCE
43.0,48.0,45.89113882323621,SYNTHETIC_SOFTWARE_TEST_NOT_SCIENTIFIC_EVIDENCE
43.0,48.5,26.48756526381672,SYNTHETIC_SOFTWARE_TEST_NOT_SCIENTIFIC_EVIDENCE
43.0,49.0,14.352145639689574,SYNTHETIC_SOFTWARE_TEST_NOT_SCIENTIFIC_EVIDENCE
43.0,49.5,9.035845444246865,SYNTHETIC_SOFTWARE_TEST_NOT_SCIENTIFIC_EVIDENCE
43.0,50.0,10.351213858574932,SYNTHETIC_SOFTWARE_TEST_NOT_SCIENTIFIC_EVIDENCE
43.0,50.5,18.357826178006274,SYNTHETIC_SOFTWARE_TEST_NOT_SCIENTIFIC_EVIDENCE
43.0,51.0,33.355407512325556,SYNTHETIC_SOFTWARE_TEST_NOT_SCIENTIFIC_EVIDENCE
43.0,51.5,55.8841522978822,SYNTHETIC_SOFTWARE_TEST_NOT_SCIENTIFIC_EVIDENCE
43.0,52.0,86.73197171248191,SYNTHETIC_SOFTWARE_TEST_NOT_SCIENTIFIC_EVIDENCE
43.0,52.5,126.94860285920838,SYNTHETIC_SOFTWARE_TEST_NOT_SCIENTIFIC_EVIDENCE
43.0,53.0,177.86670571204826,SYNTHETIC_SOFTWARE_TEST_NOT_SCIENTIFIC_EVIDENCE
43.0,53.5,241.1302619218805,SYNTHETIC_SOFTWARE_TEST_NOT_SCIENTIFIC_EVIDENCE
43.0,54.0,318.7307789652522,SYNTHETIC_SOFTWARE_TEST_NOT_SCIENTIFIC_EVIDENCE
43.0,54.5,241.5459584774928,SYNTHETIC_SOFTWARE_TEST_NOT_SCIENTIFIC_EVIDENCE
43.0,55.0,186.47367390675387,SYNTHETIC_SOFTWARE_TEST_NOT_SCIENTIFIC_EVIDENCE
43.0,55.5,153.2181891926735,SYNTHETIC_SOFTWARE_TEST_NOT_SCIENTIFIC_EVIDENCE
43.0,56.0,138.6371950130967,SYNTHETIC_SOFTWARE_TEST_NOT_SCIENTIFIC_EVIDENCE
43.0,56.5,140.33348128066376,SYNTHETIC_SOFTWARE_TEST_NOT_SCIENTIFIC_EVIDENCE
43.0,57.0,156.55050035532847,SYNTHETIC_SOFTWARE_TEST_NOT_SCIENTIFIC_EVIDENCE
43.0,57.5,186.09033935811763,SYNTHETIC_SOFTWARE_TEST_NOT_SCIENTIFIC_EVIDENCE
43.0,58.0,228.25091557975352,SYNTHETIC_SOFTWARE_TEST_NOT_SCIENTIFIC_EVIDENCE
43.0,58.5,282.77986361920773,SYNTHETIC_SOFTWARE_TEST_NOT_SCIENTIFIC_EVIDENCE
43.0,59.0,349.84314249734433,SYNTHETIC_SOFTWARE_TEST_NOT_SCIENTIFIC_EVIDENCE
43.0,59.5,430.0068745636666,SYNTHETIC_SOFTWARE_TEST_NOT_SCIENTIFIC_EVIDENCE
43.0,60.0,524.231351729687,SYNTHETIC_SOFTWARE_TEST_NOT_SCIENTIFIC_EVIDENCE
44.0,40.0,357.36149397717674,SYNTHETIC_SOFTWARE_TEST_NOT_SCIENTIFIC_EVIDENCE
44.0,40.5,340.65616895598816,SYNTHETIC_SOFTWARE_TEST_NOT_SCIENTIFIC_EVIDENCE
44.0,41.0,338.865763218799,SYNTHETIC_SOFTWARE_TEST_NOT_SCIENTIFIC_EVIDENCE
44.0,41.5,351.71967353399106,SYNTHETIC_SOFTWARE_TEST_NOT_SCIENTIFIC_EVIDENCE
44.0,42.0,379.385748931,SYNTHETIC_SOFTWARE_TEST_NOT_SCIENTIFIC_EVIDENCE
44.0,42.5,422.46067091576884,SYNTHETIC_SOFTWARE_TEST_NOT_SCIENTIFIC_EVIDENCE
44.0,43.0,481.9725397304794,SYNTHETIC_SOFTWARE_TEST_NOT_SCIENTIFIC_EVIDENCE
44.0,43.5,559.3952811499948,SYNTHETIC_SOFTWARE_TEST_NOT_SCIENTIFIC_EVIDENCE
44.0,44.0,656.6748261323004,SYNTHETIC_SOFTWARE_TEST_NOT_SCIENTIFIC_EVIDENCE
44.0,44.5,517.6222763833971,SYNTHETIC_SOFTWARE_TEST_NOT_SCIENTIFIC_EVIDENCE
44.0,45.0,399.7551879540354,SYNTHETIC_SOFTWARE_TEST_NOT_SCIENTIFIC_EVIDENCE
44.0,45.5,303.9995823151421,SYNTHETIC_SOFTWARE_TEST_NOT_SCIENTIFIC_EVIDENCE
44.0,46.0,226.6221136875741,SYNTHETIC_SOFTWARE_TEST_NOT_SCIENTIFIC_EVIDENCE
44.0,46.5,164.6014385832836,SYNTHETIC_SOFTWARE_TEST_NOT_SCIENTIFIC_EVIDENCE
44.0,47.0,115.51597203280937,SYNTHETIC_SOFTWARE_TEST_NOT_SCIENTIFIC_EVIDENCE
44.0,47.5,77.4528193351439,SYNTHETIC_SOFTWARE_TEST_NOT_SCIENTIFIC_EVIDENCE
44.0,48.0,48.934558440738044,SYNTHETIC_SOFTWARE_TEST_NOT_SCIENTIFIC_EVIDENCE
44.0,48.5,28.861167060979216,SYNTHETIC_SOFTWARE_TEST_NOT_SCIENTIFIC_EVIDENCE
44.0,49.0,16.4649096325206,SYNTHETIC_SOFTWARE_TEST_NOT_SCIENTIFIC_EVIDENCE
44.0,49.5,11.276440377740576,SYNTHETIC_SOFTWARE_TEST_NOT_SCIENTIFIC_EVIDENCE
44.0,50.0,13.100755039758889,SYNTHETIC_SOFTWARE_TEST_NOT_SCIENTIFIC_EVIDENCE
44.0,50.5,22.00194822390701,SYNTHETIC_SOFTWARE_TEST_NOT_SCIENTIFIC_EVIDENCE
44.0,51.0,38.29601652521397,SYNTHETIC_SOFTWARE_TEST_NOT_SCIENTIFIC_EVIDENCE
44.0,51.5,62.55119909786096,SYNTHETIC_SOFTWARE_TEST_NOT_SCIENTIFIC_EVIDENCE
44.0,52.0,95.59557513329156,SYNTHETIC_SOFTWARE_TEST_NOT_SCIENTIFIC_EVIDENCE
44.0,52.5,138.53184900414215,SYNTHETIC_SOFTWARE_TEST_NOT_SCIENTIFIC_EVIDENCE
44.0,53.0,192.7594550186952,SYNTHETIC_SOFTWARE_TEST_NOT_SCIENTIFIC_EVIDENCE
44.0,53.5,260.0043107076117,SYNTHETIC_SOFTWARE_TEST_NOT_SCIENTIFIC_EVIDENCE
44.0,54.0,342.3567458799756,SYNTHETIC_SOFTWARE_TEST_NOT_SCIENTIFIC_EVIDENCE
44.0,54.5,259.9631739277203,SYNTHETIC_SOFTWARE_TEST_NOT_SCIENTIFIC_EVIDENCE
44.0,55.0,200.80815627831325,SYNTHETIC_SOFTWARE_TEST_NOT_SCIENTIFIC_EVIDENCE
44.0,55.5,164.62790934713442,SYNTHETIC_SOFTWARE_TEST_NOT_SCIENTIFIC_EVIDENCE
44.0,56.0,148.120354742146,SYNTHETIC_SOFTWARE_TEST_NOT_SCIENTIFIC_EVIDENCE
44.0,56.5,148.7646263864935,SYNTHETIC_SOFTWARE_TEST_NOT_SCIENTIFIC_EVIDENCE
44.0,57.0,164.7116244707364,SYNTHETIC_SOFTWARE_TEST_NOT_SCIENTIFIC_EVIDENCE
44.0,57.5,194.69804136283426,SYNTHETIC_SOFTWARE_TEST_NOT_SCIENTIFIC_EVIDENCE
44.0,58.0,237.98052279831137,SYNTHETIC_SOFTWARE_TEST_NOT_SCIENTIFIC_EVIDENCE
44.0,58.5,294.2873131847181,SYNTHETIC_SOFTWARE_TEST_NOT_SCIENTIFIC_EVIDENCE
44.0,59.0,363.7853198572783,SYNTHETIC_SOFTWARE_TEST_NOT_SCIENTIFIC_EVIDENCE
44.0,59.5,447.0610375048664,SYNTHETIC_SOFTWARE_TEST_NOT_SCIENTIFIC_EVIDENCE
44.0,60.0,545.1142176888724,SYNTHETIC_SOFTWARE_TEST_NOT_SCIENTIFIC_EVIDENCE
45.0,40.0,370.085991609795,SYNTHETIC_SOFTWARE_TEST_NOT_SCIENTIFIC_EVIDENCE
45.0,40.5,353.1438355657665,SYNTHETIC_SOFTWARE_TEST_NOT_SCIENTIFIC_EVIDENCE
45.0,41.0,351.83260479212254,SYNTHETIC_SOFTWARE_TEST_NOT_SCIENTIFIC_EVIDENCE
45.0,41.5,365.87251713152233,SYNTHETIC_SOFTWARE_TEST_NOT_SCIENTIFIC_EVIDENCE
45.0,42.0,395.44256571970243,SYNTHETIC_SOFTWARE_TEST_NOT_SCIENTIFIC_EVIDENCE
45.0,42.5,441.1704772381854,SYNTHETIC_SOFTWARE_TEST_NOT_SCIENTIFIC_EVIDENCE
45.0,43.0,504.135438224388,SYNTHETIC_SOFTWARE_TEST_NOT_SCIENTIFIC_EVIDENCE
45.0,43.5,585.8831863372549,SYNTHETIC_SOFTWARE_TEST_NOT_SCIENTIFIC_EVIDENCE
45.0,44.0,688.4534168360312,SYNTHETIC_SOFTWARE_TEST_NOT_SCIENTIFIC_EVIDENCE
45.0,44.5,542.7134896293627,SYNTHETIC_SOFTWARE_TEST_NOT_SCIENTIFIC_EVIDENCE
45.0,45.0,419.18582136192236,SYNTHETIC_SOFTWARE_TEST_NOT_SCIENTIFIC_EVIDENCE
45.0,45.5,318.8606526458833,SYNTHETIC_SOFTWARE_TEST_NOT_SCIENTIFIC_EVIDENCE
45.0,46.0,237.8304002847091,SYNTHETIC_SOFTWARE_TEST_NOT_SCIENTIFIC_EVIDENCE
45.0,46.5,172.9327599402038,SYNTHETIC_SOFTWARE_TEST_NOT_SCIENTIFIC_EVIDENCE
45.0,47.0,121.633277519468,SYNTHETIC_SOFTWARE_TEST_NOT_SCIENTIFIC_EVIDENCE
45.0,47.5,81.93007360550666,SYNTHETIC_SOFTWARE_TEST_NOT_SCIENTIFIC_EVIDENCE
45.0,48.0,52.27724297102122,SYNTHETIC_SOFTWARE_TEST_NOT_SCIENTIFIC_EVIDENCE
45.0,48.5,31.52409868348634,SYNTHETIC_SOFTWARE_TEST_NOT_SCIENTIFIC_EVIDENCE
45.0,49.0,18.86797532600051,SYNTHETIC_SOFTWARE_TEST_NOT_SCIENTIFIC_EVIDENCE
45.0,49.5,13.818767276834494,SYNTHETIC_SOFTWARE_TEST_NOT_SCIENTIFIC_EVIDENCE
45.0,50.0,16.17377165402335,SYNTHETIC_SOFTWARE_TEST_NOT_SCIENTIFIC_EVIDENCE
45.0,50.5,26.001744820080003,SYNTHETIC_SOFTWARE_TEST_NOT_SCIENTIFIC_EVIDENCE
45.0,51.0,43.635377634089394,SYNTHETIC_SOFTWARE_TEST_NOT_SCIENTIFIC_EVIDENCE
45.0,51.5,69.67165769790645,SYNTHETIC_SOFTWARE_TEST_NOT_SCIENTIFIC_EVIDENCE
45.0,52.0,104.97982514833397,SYNTHETIC_SOFTWARE_TEST_NOT_SCIENTIFIC_EVIDENCE
45.0,52.5,150.7168495720516,SYNTHETIC_SOFTWARE_TEST_NOT_SCIENTIFIC_EVIDENCE
45.0,53.0,208.35056607717686,SYNTHETIC_SOFTWARE_TEST_NOT_SCIENTIFIC_EVIDENCE
45.0,53.5,279.69081460817006,SYNTHETIC_SOFTWARE_TEST_NOT_SCIENTIFIC_EVIDENCE
45.0,54.0,366.9291340432505,SYNTHETIC_SOFTWARE_TEST_NOT_SCIENTIFIC_EVIDENCE
45.0,54.5,279.1716399156267,SYNTHETIC_SOFTWARE_TEST_NOT_SCIENTIFIC_EVIDENCE
45.0,55.0,215.80652635688358,SYNTHETIC_SOFTWARE_TEST_NOT_SCIENTIFIC_EVIDENCE
45.0,55.5,176.60372726080368,SYNTHETIC_SOFTWARE_TEST_NOT_SCIENTIFIC_EVIDENCE
45.0,56.0,158.09745461506208,SYNTHETIC_SOFTWARE_TEST_NOT_SCIENTIFIC_EVIDENCE
45.0,56.5,157.64009967523216,SYNTHETIC_SOFTWARE_TEST_NOT_SCIENTIFIC_EVIDENCE
45.0,57.0,173.28766036137603,SYNTHETIC_SOFTWARE_TEST_NOT_SCIENTIFIC_EVIDENCE
45.0,57.5,203.70972809229357,SYNTHETIC_SOFTWARE_TEST_NOT_SCIENTIFIC_EVIDENCE
45.0,58.0,248.1205432278418,SYNTHETIC_SOFTWARE_TEST_NOT_SCIENTIFIC_EVIDENCE
45.0,58.5,306.2283453828496,SYNTHETIC_SOFTWARE_TEST_NOT_SCIENTIFIC_EVIDENCE
45.0,59.0,378.20085787973005,SYNTHETIC_SOFTWARE_TEST_NOT_SCIENTIFIC_EVIDENCE
45.0,59.5,464.645275324153,SYNTHETIC_SOFTWARE_TEST_NOT_SCIENTIFIC_EVIDENCE
45.0,60.0,566.6015874401057,SYNTHETIC_SOFTWARE_TEST_NOT_SCIENTIFIC_EVIDENCE
46.0,40.0,383.2151812672817,SYNTHETIC_SOFTWARE_TEST_NOT_SCIENTIFIC_EVIDENCE
46.0,40.5,366.0425424428537,SYNTHETIC_SOFTWARE_TEST_NOT_SCIENTIFIC_EVIDENCE
46.0,41.0,365.2335917884449,SYNTHETIC_SOFTWARE_TEST_NOT_SCIENTIFIC_EVIDENCE
46.0,41.5,380.4992336053353,SYNTHETIC_SOFTWARE_TEST_NOT_SCIENTIFIC_EVIDENCE
46.0,42.0,412.02993088470146,SYNTHETIC_SOFTWARE_TEST_NOT_SCIENTIFIC_EVIDENCE
46.0,42.5,460.4852325606344,SYNTHETIC_SOFTWARE_TEST_NOT_SCIENTIFIC_EVIDENCE
46.0,43.0,526.9966434827036,SYNTHETIC_SOFTWARE_TEST_NOT_SCIENTIFIC_EVIDENCE
46.0,43.5,613.1834160193134,SYNTHETIC_SOFTWARE_TEST_NOT_SCIENTIFIC_EVIDENCE
46.0,44.0,721.1812114464223,SYNTHETIC_SOFTWARE_TEST_NOT_SCIENTIFIC_EVIDENCE
46.0,44.5,568.5971471270457,SYNTHETIC_SOFTWARE_TEST_NOT_SCIENTIFIC_EVIDENCE
46.0,45.0,439.27637536047,SYNTHETIC_SOFTWARE_TEST_NOT_SCIENTIFIC_EVIDENCE
46.0,45.5,334.2752747089466,SYNTHETIC_SOFTWARE_TEST_NOT_SCIENTIFIC_EVIDENCE
46.0,46.0,249.50805172967017,SYNTHETIC_SOFTWARE_TEST_NOT_SCIENTIFIC_EVIDENCE
46.0,46.5,181.66822816973294,SYNTHETIC_SOFTWARE_TEST_NOT_SCIENTIFIC_EVIDENCE
46.0,47.0,128.10591045273446,SYNTHETIC_SOFTWARE_TEST_NOT_SCIENTIFIC_EVIDENCE
46.0,47.5,86.72821178629636,SYNTHETIC_SOFTWARE_TEST_NOT_SCIENTIFIC_EVIDENCE
46.0,48.0,55.91919241408566,SYNTHETIC_SOFTWARE_TEST_NOT_SCIENTIFIC_EVIDENCE
46.0,48.5,34.47636013133798,SYNTHETIC_SOFTWARE_TEST_NOT_SCIENTIFIC_EVIDENCE
46.0,49.0,21.56134272012927,SYNTHETIC_SOFTWARE_TEST_NOT_SCIENTIFIC_EVIDENCE
46.0,49.5,16.662826141528555,SYNTHETIC_SOFTWARE_TEST_NOT_SCIENTIFIC_EVIDENCE
46.0,50.0,19.57026370136823,SYNTHETIC_SOFTWARE_TEST_NOT_SCIENTIFIC_EVIDENCE
46.0,50.5,30.357215966525086,SYNTHETIC_SOFTWARE_TEST_NOT_SCIENTIFIC_EVIDENCE
46.0,51.0,49.373490838951696,SYNTHETIC_SOFTWARE_TEST_NOT_SCIENTIFIC_EVIDENCE
46.0,51.5,77.2455280980184,SYNTHETIC_SOFTWARE_TEST_NOT_SCIENTIFIC_EVIDENCE
46.0,52.0,114.88472175760894,SYNTHETIC_SOFTWARE_TEST_NOT_SCIENTIFIC_EVIDENCE
46.0,52.5,163.5036045629361,SYNTHETIC_SOFTWARE_TEST_NOT_SCIENTIFIC_EVIDENCE
46.0,53.0,224.64003888749295,SYNTHETIC_SOFTWARE_TEST_NOT_SCIENTIFIC_EVIDENCE
46.0,53.5,300.1897736235549,SYNTHETIC_SOFTWARE_TEST_NOT_SCIENTIFIC_EVIDENCE
46.0,54.0,392.4479434550765,SYNTHETIC_SOFTWARE_TEST_NOT_SCIENTIFIC_EVIDENCE
46.0,54.5,299.1713564412114,SYNTHETIC_SOFTWARE_TEST_NOT_SCIENTIFIC_EVIDENCE
46.0,55.0,231.46878414246427,SYNTHETIC_SOFTWARE_TEST_NOT_SCIENTIFIC_EVIDENCE
46.0,55.5,189.14564293368085,SYNTHETIC_SOFTWARE_TEST_NOT_SCIENTIFIC_EVIDENCE
46.0,56.0,168.56849463184457,SYNTHETIC_SOFTWARE_TEST_NOT_SCIENTIFIC_EVIDENCE
46.0,56.5,166.9599011468796,SYNTHETIC_SOFTWARE_TEST_NOT_SCIENTIFIC_EVIDENCE
46.0,57.0,182.27860802724695,SYNTHETIC_SOFTWARE_TEST_NOT_SCIENTIFIC_EVIDENCE
46.0,57.5,213.12539954649532,SYNTHETIC_SOFTWARE_TEST_NOT_SCIENTIFIC_EVIDENCE
46.0,58.0,258.6709768683445,SYNTHETIC_SOFTWARE_TEST_NOT_SCIENTIFIC_EVIDENCE
46.0,58.5,318.6029602136019,SYNTHETIC_SOFTWARE_TEST_NOT_SCIENTIFIC_EVIDENCE
46.0,59.0,393.08975656469875,SYNTHETIC_SOFTWARE_TEST_NOT_SCIENTIFIC_EVIDENCE
46.0,59.5,482.75958802152564,SYNTHETIC_SOFTWARE_TEST_NOT_SCIENTIFIC_EVIDENCE
46.0,60.0,588.6934609833861,SYNTHETIC_SOFTWARE_TEST_NOT_SCIENTIFIC_EVIDENCE
47.0,40.0,396.7490629496371,SYNTHETIC_SOFTWARE_TEST_NOT_SCIENTIFIC_EVIDENCE
47.0,40.5,379.3522895872503,SYNTHETIC_SOFTWARE_TEST_NOT_SCIENTIFIC_EVIDENCE
47.0,41.0,379.06872420776693,SYNTHETIC_SOFTWARE_TEST_NOT_SCIENTIFIC_EVIDENCE
47.0,41.5,395.59982295543045,SYNTHETIC_SOFTWARE_TEST_NOT_SCIENTIFIC_EVIDENCE
47.0,42.0,429.1478444259972,SYNTHETIC_SOFTWARE_TEST_NOT_SCIENTIFIC_EVIDENCE
47.0,42.5,480.40493688311636,SYNTHETIC_SOFTWARE_TEST_NOT_SCIENTIFIC_EVIDENCE
47.0,43.0,550.556155505427,SYNTHETIC_SOFTWARE_TEST_NOT_SCIENTIFIC_EVIDENCE
47.0,43.5,641.2959701961722,SYNTHETIC_SOFTWARE_TEST_NOT_SCIENTIFIC_EVIDENCE
47.0,44.0,754.8582099634738,SYNTHETIC_SOFTWARE_TEST_NOT_SCIENTIFIC_EVIDENCE
47.0,44.5,595.2732488764474,SYNTHETIC_SOFTWARE_TEST_NOT_SCIENTIFIC_EVIDENCE
47.0,45.0,460.0268499496794,SYNTHETIC_SOFTWARE_TEST_NOT_SCIENTIFIC_EVIDENCE
47.0,45.5,350.2434485043327,SYNTHETIC_SOFTWARE_TEST_NOT_SCIENTIFIC_EVIDENCE
47.0,46.0,261.6550680224581,SYNTHETIC_SOFTWARE_TEST_NOT_SCIENTIFIC_EVIDENCE
47.0,46.5,190.80784327187152,SYNTHETIC_SOFTWARE_TEST_NOT_SCIENTIFIC_EVIDENCE
47.0,47.0,134.9338708326092,SYNTHETIC_SOFTWARE_TEST_NOT_SCIENTIFIC_EVIDENCE
47.0,47.5,91.84723387751302,SYNTHETIC_SOFTWARE_TEST_NOT_SCIENTIFIC_EVIDENCE
47.0,48.0,59.860406769931494,SYNTHETIC_SOFTWARE_TEST_NOT_SCIENTIFIC_EVIDENCE
47.0,48.5,37.717951404534205,SYNTHETIC_SOFTWARE_TEST_NOT_SCIENTIFIC_EVIDENCE
47.0,49.0,24.54501181490691,SYNTHETIC_SOFTWARE_TEST_NOT_SCIENTIFIC_EVIDENCE
47.0,49.5,19.808616971822833,SYNTHETIC_SOFTWARE_TEST_NOT_SCIENTIFIC_EVIDENCE
47.0,50.0,23.29023118179363,SYNTHETIC_SOFTWARE_TEST_NOT_SCIENTIFIC_EVIDENCE
47.0,50.5,35.0683616632425,SYNTHETIC_SOFTWARE_TEST_NOT_SCIENTIFIC_EVIDENCE
47.0,51.0,55.51035613980108,SYNTHETIC_SOFTWARE_TEST_NOT_SCIENTIFIC_EVIDENCE
47.0,51.5,85.272810298197,SYNTHETIC_SOFTWARE_TEST_NOT_SCIENTIFIC_EVIDENCE
47.0,52.0,125.31026496111672,SYNTHETIC_SOFTWARE_TEST_NOT_SCIENTIFIC_EVIDENCE
47.0,52.5,176.89211397679622,SYNTHETIC_SOFTWARE_TEST_NOT_SCIENTIFIC_EVIDENCE
47.0,53.0,241.62787344964397,SYNTHETIC_SOFTWARE_TEST_NOT_SCIENTIFIC_EVIDENCE
47.0,53.5,321.5011877537674,SYNTHETIC_SOFTWARE_TEST_NOT_SCIENTIFIC_EVIDENCE
47.0,54.0,418.9131741154544,SYNTHETIC_SOFTWARE_TEST_NOT_SCIENTIFIC_EVIDENCE
47.0,54.5,319.96232350447536,SYNTHETIC_SOFTWARE_TEST_NOT_SCIENTIFIC_EVIDENCE
47.0,55.0,247.79492963505587,SYNTHETIC_SOFTWARE_TEST_NOT_SCIENTIFIC_EVIDENCE
47.0,55.5,202.2536563657665,SYNTHETIC_SOFTWARE_TEST_NOT_SCIENTIFIC_EVIDENCE
47.0,56.0,179.53347479249393,SYNTHETIC_SOFTWARE_TEST_NOT_SCIENTIFIC_EVIDENCE
47.0,56.5,176.72403080143607,SYNTHETIC_SOFTWARE_TEST_NOT_SCIENTIFIC_EVIDENCE
47.0,57.0,191.6844674683496,SYNTHETIC_SOFTWARE_TEST_NOT_SCIENTIFIC_EVIDENCE
47.0,57.5,222.94505572543977,SYNTHETIC_SOFTWARE_TEST_NOT_SCIENTIFIC_EVIDENCE
47.0,58.0,269.63182371982,SYNTHETIC_SOFTWARE_TEST_NOT_SCIENTIFIC_EVIDENCE
47.0,58.5,331.41115767697556,SYNTHETIC_SOFTWARE_TEST_NOT_SCIENTIFIC_EVIDENCE
47.0,59.0,408.45201591218563,SYNTHETIC_SOFTWARE_TEST_NOT_SCIENTIFIC_EVIDENCE
47.0,59.5,501.403975596985,SYNTHETIC_SOFTWARE_TEST_NOT_SCIENTIFIC_EVIDENCE
47.0,60.0,611.3898383187144,SYNTHETIC_SOFTWARE_TEST_NOT_SCIENTIFIC_EVIDENCE
48.0,40.0,410.6876366568609,SYNTHETIC_SOFTWARE_TEST_NOT_SCIENTIFIC_EVIDENCE
48.0,40.5,393.073076998956,SYNTHETIC_SOFTWARE_TEST_NOT_SCIENTIFIC_EVIDENCE
48.0,41.0,393.33800205008805,SYNTHETIC_SOFTWARE_TEST_NOT_SCIENTIFIC_EVIDENCE
48.0,41.5,411.17428518180776,SYNTHETIC_SOFTWARE_TEST_NOT_SCIENTIFIC_EVIDENCE
48.0,42.0,446.7963063435897,SYNTHETIC_SOFTWARE_TEST_NOT_SCIENTIFIC_EVIDENCE
48.0,42.5,500.92959020563075,SYNTHETIC_SOFTWARE_TEST_NOT_SCIENTIFIC_EVIDENCE
48.0,43.0,574.8139742925578,SYNTHETIC_SOFTWARE_TEST_NOT_SCIENTIFIC_EVIDENCE
48.0,43.5,670.2208488678297,SYNTHETIC_SOFTWARE_TEST_NOT_SCIENTIFIC_EVIDENCE
48.0,44.0,789.4844123871854,SYNTHETIC_SOFTWARE_TEST_NOT_SCIENTIFIC_EVIDENCE
48.0,44.5,622.7417948775668,SYNTHETIC_SOFTWARE_TEST_NOT_SCIENTIFIC_EVIDENCE
48.0,45.0,481.43724512955026,SYNTHETIC_SOFTWARE_TEST_NOT_SCIENTIFIC_EVIDENCE
48.0,45.5,366.7651740320411,SYNTHETIC_SOFTWARE_TEST_NOT_SCIENTIFIC_EVIDENCE
48.0,46.0,274.27144916307225,SYNTHETIC_SOFTWARE_TEST_NOT_SCIENTIFIC_EVIDENCE
48.0,46.5,200.35160524661893,SYNTHETIC_SOFTWARE_TEST_NOT_SCIENTIFIC_EVIDENCE
48.0,47.0,142.11715865909184,SYNTHETIC_SOFTWARE_TEST_NOT_SCIENTIFIC_EVIDENCE
48.0,47.5,97.2871398791565,SYNTHETIC_SOFTWARE_TEST_NOT_SCIENTIFIC_EVIDENCE
48.0,48.0,64.1008860385586,SYNTHETIC_SOFTWARE_TEST_NOT_SCIENTIFIC_EVIDENCE
48.0,48.5,41.248872503075006,SYNTHETIC_SOFTWARE_TEST_NOT_SCIENTIFIC_EVIDENCE
48.0,49.0,27.818982610333443,SYNTHETIC_SOFTWARE_TEST_NOT_SCIENTIFIC_EVIDENCE
48.0,49.5,23.25613976771728,SYNTHETIC_SOFTWARE_TEST_NOT_SCIENTIFIC_EVIDENCE
48.0,50.0,27.33367409529946,SYNTHETIC_SOFTWARE_TEST_NOT_SCIENTIFIC_EVIDENCE
48.0,50.5,40.13518191023213,SYNTHETIC_SOFTWARE_TEST_NOT_SCIENTIFIC_EVIDENCE
48.0,51.0,62.04597353663739,SYNTHETIC_SOFTWARE_TEST_NOT_SCIENTIFIC_EVIDENCE
48.0,51.5,93.75350429844231,SYNTHETIC_SOFTWARE_TEST_NOT_SCIENTIFIC_EVIDENCE
48.0,52.0,136.2564547588572,SYNTHETIC_SOFTWARE_TEST_NOT_SCIENTIFIC_EVIDENCE
48.0,52.5,190.88237781363162,SYNTHETIC_SOFTWARE_TEST_NOT_SCIENTIFIC_EVIDENCE
48.0,53.0,259.3140697636296,SYNTHETIC_SOFTWARE_TEST_NOT_SCIENTIFIC_EVIDENCE
48.0,53.5,343.62505699880666,SYNTHETIC_SOFTWARE_TEST_NOT_SCIENTIFIC_EVIDENCE
48.0,54.0,446.3248260243834,SYNTHETIC_SOFTWARE_TEST_NOT_SCIENTIFIC_EVIDENCE
48.0,54.5,341.5445411054175,SYNTHETIC_SOFTWARE_TEST_NOT_SCIENTIFIC_EVIDENCE
48.0,55.0,264.7849628346582,SYNTHETIC_SOFTWARE_TEST_NOT_SCIENTIFIC_EVIDENCE
48.0,55.5,215.9277675570601,SYNTHETIC_SOFTWARE_TEST_NOT_SCIENTIFIC_EVIDENCE
48.0,56.0,190.99239509700976,SYNTHETIC_SOFTWARE_TEST_NOT_SCIENTIFIC_EVIDENCE
48.0,56.5,186.9324886389014,SYNTHETIC_SOFTWARE_TEST_NOT_SCIENTIFIC_EVIDENCE
48.0,57.0,201.50523868468363,SYNTHETIC_SOFTWARE_TEST_NOT_SCIENTIFIC_EVIDENCE
48.0,57.5,233.16869662912674,SYNTHETIC_SOFTWARE_TEST_NOT_SCIENTIFIC_EVIDENCE
48.0,58.0,281.00308378226805,SYNTHETIC_SOFTWARE_TEST_NOT_SCIENTIFIC_EVIDENCE
48.0,58.5,344.65293777297046,SYNTHETIC_SOFTWARE_TEST_NOT_SCIENTIFIC_EVIDENCE
48.0,59.0,424.28763592218996,SYNTHETIC_SOFTWARE_TEST_NOT_SCIENTIFIC_EVIDENCE
48.0,59.5,520.5784380505306,SYNTHETIC_SOFTWARE_TEST_NOT_SCIENTIFIC_EVIDENCE
48.0,60.0,634.6907194460902,SYNTHETIC_SOFTWARE_TEST_NOT_SCIENTIFIC_EVIDENCE
49.0,40.0,425.03090238895317,SYNTHETIC_SOFTWARE_TEST_NOT_SCIENTIFIC_EVIDENCE
49.0,40.5,407.2049046779707,SYNTHETIC_SOFTWARE_TEST_NOT_SCIENTIFIC_EVIDENCE
49.0,41.0,408.04142531540833,SYNTHETIC_SOFTWARE_TEST_NOT_SCIENTIFIC_EVIDENCE
49.0,41.5,427.22262028446676,SYNTHETIC_SOFTWARE_TEST_NOT_SCIENTIFIC_EVIDENCE
49.0,42.0,464.97531663747867,SYNTHETIC_SOFTWARE_TEST_NOT_SCIENTIFIC_EVIDENCE
49.0,42.5,522.0591925281781,SYNTHETIC_SOFTWARE_TEST_NOT_SCIENTIFIC_EVIDENCE
49.0,43.0,599.7700998440956,SYNTHETIC_SOFTWARE_TEST_NOT_SCIENTIFIC_EVIDENCE
49.0,43.5,699.9580520342867,SYNTHETIC_SOFTWARE_TEST_NOT_SCIENTIFIC_EVIDENCE
49.0,44.0,825.0598187175573,SYNTHETIC_SOFTWARE_TEST_NOT_SCIENTIFIC_EVIDENCE
49.0,44.5,651.0027851304044,SYNTHETIC_SOFTWARE_TEST_NOT_SCIENTIFIC_EVIDENCE
49.0,45.0,503.5075609000824,SYNTHETIC_SOFTWARE_TEST_NOT_SCIENTIFIC_EVIDENCE
49.0,45.5,383.84045129207226,SYNTHETIC_SOFTWARE_TEST_NOT_SCIENTIFIC_EVIDENCE
49.0,46.0,287.3571951515128,SYNTHETIC_SOFTWARE_TEST_NOT_SCIENTIFIC_EVIDENCE
49.0,46.5,210.2995140939756,SYNTHETIC_SOFTWARE_TEST_NOT_SCIENTIFIC_EVIDENCE
49.0,47.0,149.65577393218263,SYNTHETIC_SOFTWARE_TEST_NOT_SCIENTIFIC_EVIDENCE
49.0,47.5,103.04792979122675,SYNTHETIC_SOFTWARE_TEST_NOT_SCIENTIFIC_EVIDENCE
49.0,48.0,68.64063021996706,SYNTHETIC_SOFTWARE_TEST_NOT_SCIENTIFIC_EVIDENCE
49.0,48.5,45.06912342696035,SYNTHETIC_SOFTWARE_TEST_NOT_SCIENTIFIC_EVIDENCE
49.0,49.0,31.383255106408804,SYNTHETIC_SOFTWARE_TEST_NOT_SCIENTIFIC_EVIDENCE
49.0,49.5,27.0053945292119,SYNTHETIC_SOFTWARE_TEST_NOT_SCIENTIFIC_EVIDENCE
49.0,50.0,31.70059244188579,SYNTHETIC_SOFTWARE_TEST_NOT_SCIENTIFIC_EVIDENCE
49.0,50.5,45.55767670749388,SYNTHETIC_SOFTWARE_TEST_NOT_SCIENTIFIC_EVIDENCE
49.0,51.0,68.98034302946066,SYNTHETIC_SOFTWARE_TEST_NOT_SCIENTIFIC_EVIDENCE
49.0,51.5,102.68761009875405,SYNTHETIC_SOFTWARE_TEST_NOT_SCIENTIFIC_EVIDENCE
49.0,52.0,147.72329115083028,SYNTHETIC_SOFTWARE_TEST_NOT_SCIENTIFIC_EVIDENCE
49.0,52.5,205.47439607344268,SYNTHETIC_SOFTWARE_TEST_NOT_SCIENTIFIC_EVIDENCE
49.0,53.0,277.6986278294496,SYNTHETIC_SOFTWARE_TEST_NOT_SCIENTIFIC_EVIDENCE
49.0,53.5,366.56138135867315,SYNTHETIC_SOFTWARE_TEST_NOT_SCIENTIFIC_EVIDENCE
49.0,54.0,474.68289918186406,SYNTHETIC_SOFTWARE_TEST_NOT_SCIENTIFIC_EVIDENCE
49.0,54.5,363.91800924403884,SYNTHETIC_SOFTWARE_TEST_NOT_SCIENTIFIC_EVIDENCE
49.0,55.0,282.438883741271,SYNTHETIC_SOFTWARE_TEST_NOT_SCIENTIFIC_EVIDENCE
49.0,55.5,230.1679765075621,SYNTHETIC_SOFTWARE_TEST_NOT_SCIENTIFIC_EVIDENCE
49.0,56.0,202.9452555453922,SYNTHETIC_SOFTWARE_TEST_NOT_SCIENTIFIC_EVIDENCE
49.0,56.5,197.58527465927554,SYNTHETIC_SOFTWARE_TEST_NOT_SCIENTIFIC_EVIDENCE
49.0,57.0,211.74092167624912,SYNTHETIC_SOFTWARE_TEST_NOT_SCIENTIFIC_EVIDENCE
49.0,57.5,243.79632225755634,SYNTHETIC_SOFTWARE_TEST_NOT_SCIENTIFIC_EVIDENCE
49.0,58.0,292.7847570556884,SYNTHETIC_SOFTWARE_TEST_NOT_SCIENTIFIC_EVIDENCE
49.0,58.5,358.32830050158606,SYNTHETIC_SOFTWARE_TEST_NOT_SCIENTIFIC_EVIDENCE
49.0,59.0,440.59661659471163,SYNTHETIC_SOFTWARE_TEST_NOT_SCIENTIFIC_EVIDENCE
49.0,59.5,540.2829753821628,SYNTHETIC_SOFTWARE_TEST_NOT_SCIENTIFIC_EVIDENCE
49.0,60.0,658.5961043655138,SYNTHETIC_SOFTWARE_TEST_NOT_SCIENTIFIC_EVIDENCE
50.0,40.0,439.77886014591377,SYNTHETIC_SOFTWARE_TEST_NOT_SCIENTIFIC_EVIDENCE
50.0,40.5,421.7477726242946,SYNTHETIC_SOFTWARE_TEST_NOT_SCIENTIFIC_EVIDENCE
50.0,41.0,423.17899400372767,SYNTHETIC_SOFTWARE_TEST_NOT_SCIENTIFIC_EVIDENCE
50.0,41.5,443.7448282634077,SYNTHETIC_SOFTWARE_TEST_NOT_SCIENTIFIC_EVIDENCE
50.0,42.0,483.68487530766424,SYNTHETIC_SOFTWARE_TEST_NOT_SCIENTIFIC_EVIDENCE
50.0,42.5,543.7937438507577,SYNTHETIC_SOFTWARE_TEST_NOT_SCIENTIFIC_EVIDENCE
50.0,43.0,625.4245321600407,SYNTHETIC_SOFTWARE_TEST_NOT_SCIENTIFIC_EVIDENCE
50.0,43.5,730.5075796955423,SYNTHETIC_SOFTWARE_TEST_NOT_SCIENTIFIC_EVIDENCE
50.0,44.0,861.584428954589,SYNTHETIC_SOFTWARE_TEST_NOT_SCIENTIFIC_EVIDENCE
50.0,44.5,680.0562196349596,SYNTHETIC_SOFTWARE_TEST_NOT_SCIENTIFIC_EVIDENCE
50.0,45.0,526.2377972612758,SYNTHETIC_SOFTWARE_TEST_NOT_SCIENTIFIC_EVIDENCE
50.0,45.5,401.4692802844256,SYNTHETIC_SOFTWARE_TEST_NOT_SCIENTIFIC_EVIDENCE
50.0,46.0,300.9123059877796,SYNTHETIC_SOFTWARE_TEST_NOT_SCIENTIFIC_EVIDENCE
50.0,46.5,220.65156981394114,SYNTHETIC_SOFTWARE_TEST_NOT_SCIENTIFIC_EVIDENCE
50.0,47.0,157.54971665188117,SYNTHETIC_SOFTWARE_TEST_NOT_SCIENTIFIC_EVIDENCE
50.0,47.5,109.129603613724,SYNTHETIC_SOFTWARE_TEST_NOT_SCIENTIFIC_EVIDENCE
50.0,48.0,73.47963931415678,SYNTHETIC_SOFTWARE_TEST_NOT_SCIENTIFIC_EVIDENCE
50.0,48.5,49.17870417619026,SYNTHETIC_SOFTWARE_TEST_NOT_SCIENTIFIC_EVIDENCE
50.0,49.0,35.237829303133026,SYNTHETIC_SOFTWARE_TEST_NOT_SCIENTIFIC_EVIDENCE
50.0,49.5,31.056381256306683,SYNTHETIC_SOFTWARE_TEST_NOT_SCIENTIFIC_EVIDENCE
50.0,50.0,36.390986221552545,SYNTHETIC_SOFTWARE_TEST_NOT_SCIENTIFIC_EVIDENCE
50.0,50.5,51.33584605502789,SYNTHETIC_SOFTWARE_TEST_NOT_SCIENTIFIC_EVIDENCE
50.0,51.0,76.31346461827074,SYNTHETIC_SOFTWARE_TEST_NOT_SCIENTIFIC_EVIDENCE
50.0,51.5,112.07512769913237,SYNTHETIC_SOFTWARE_TEST_NOT_SCIENTIFIC_EVIDENCE
50.0,52.0,159.71077413703597,SYNTHETIC_SOFTWARE_TEST_NOT_SCIENTIFIC_EVIDENCE
50.0,52.5,220.66816875622882,SYNTHETIC_SOFTWARE_TEST_NOT_SCIENTIFIC_EVIDENCE
50.0,53.0,296.78154764710445,SYNTHETIC_SOFTWARE_TEST_NOT_SCIENTIFIC_EVIDENCE
50.0,53.5,390.31016083336624,SYNTHETIC_SOFTWARE_TEST_NOT_SCIENTIFIC_EVIDENCE
50.0,54.0,503.98739358789555,SYNTHETIC_SOFTWARE_TEST_NOT_SCIENTIFIC_EVIDENCE
50.0,54.5,387.08272792033836,SYNTHETIC_SOFTWARE_TEST_NOT_SCIENTIFIC_EVIDENCE
50.0,55.0,300.7566923548944,SYNTHETIC_SOFTWARE_TEST_NOT_SCIENTIFIC_EVIDENCE
50.0,55.5,244.97428321727202,SYNTHETIC_SOFTWARE_TEST_NOT_SCIENTIFIC_EVIDENCE
50.0,56.0,215.3920561376412,SYNTHETIC_SOFTWARE_TEST_NOT_SCIENTIFIC_EVIDENCE
50.0,56.5,208.6823888625585,SYNTHETIC_SOFTWARE_TEST_NOT_SCIENTIFIC_EVIDENCE
50.0,57.0,222.39151644304613,SYNTHETIC_SOFTWARE_TEST_NOT_SCIENTIFIC_EVIDENCE
50.0,57.5,254.82793261072845,SYNTHETIC_SOFTWARE_TEST_NOT_SCIENTIFIC_EVIDENCE
50.0,58.0,304.9768435400815,SYNTHETIC_SOFTWARE_TEST_NOT_SCIENTIFIC_EVIDENCE
50.0,58.5,372.4372458628228,SYNTHETIC_SOFTWARE_TEST_NOT_SCIENTIFIC_EVIDENCE
50.0,59.0,457.378957929751,SYNTHETIC_SOFTWARE_TEST_NOT_SCIENTIFIC_EVIDENCE
50.0,59.5,560.5175875918809,SYNTHETIC_SOFTWARE_TEST_NOT_SCIENTIFIC_EVIDENCE
50.0,60.0,683.1059930769849,SYNTHETIC_SOFTWARE_TEST_NOT_SCIENTIFIC_EVIDENCE
