chid,group,dx,t0,t1,x_m,C_T_bar_J_per_m,J_T_bar_W
gsA_c,grid_low_weak,0.5,176.02147,206.01043,15.0,2560840.8575825817,-107966.7266591506
gsA_c,grid_low_weak,0.5,176.02147,206.01043,22.0,2584044.2733422583,-280273.1911731522
gsA_c,grid_low_weak,0.5,176.02147,206.01043,29.0,2695581.5245354255,-360519.97185667855
gsA_c,grid_low_weak,0.5,176.02147,206.01043,39.5,2816077.806439224,-601423.7968216958
gsA_c,grid_low_weak,0.5,176.02147,206.01043,46.5,2950868.1830750983,-704656.3116850111
gsA_c,grid_low_weak,0.5,176.02147,206.01043,50.0,3621932.284036718,1802713.5446356284
gsA_c,grid_low_weak,0.5,176.02147,206.01043,53.5,4839926.840354237,5854604.494088221
gsA_c,grid_low_weak,0.5,176.02147,206.01043,60.5,4413862.677274677,6038936.2149212025
gsA_c,grid_low_weak,0.5,176.02147,206.01043,71.0,3031934.513288642,5680887.544536911
gsA_c,grid_low_weak,0.5,176.02147,206.01043,78.0,2422975.835762776,5463915.854800035
gsA_c,grid_low_weak,0.5,176.02147,206.01043,85.0,2385013.4922856973,5427816.887181489
gsA_m,grid_low_weak,0.25,231.00583,260.01017,15.0,2717908.2382195764,-224149.40711896634
gsA_m,grid_low_weak,0.25,231.00583,260.01017,22.0,2815544.3569925353,-389048.6725162573
gsA_m,grid_low_weak,0.25,231.00583,260.01017,29.0,2892496.8759334846,-610093.2892390564
gsA_m,grid_low_weak,0.25,231.00583,260.01017,39.5,3118165.377738133,-780853.1122075435
gsA_m,grid_low_weak,0.25,231.00583,260.01017,46.5,3313610.9516088367,-908022.3527068145
gsA_m,grid_low_weak,0.25,231.00583,260.01017,50.0,3874108.765923655,1468672.197976228
gsA_m,grid_low_weak,0.25,231.00583,260.01017,53.5,4654529.376889014,5217995.03463632
gsA_m,grid_low_weak,0.25,231.00583,260.01017,60.5,3799209.8218715177,6030245.492936988
gsA_m,grid_low_weak,0.25,231.00583,260.01017,71.0,2789200.677356122,5452627.274939305
gsA_m,grid_low_weak,0.25,231.00583,260.01017,78.0,2281875.219359945,5582548.4654061245
gsA_m,grid_low_weak,0.25,231.00583,260.01017,85.0,2216526.0773766413,5319265.394588898
gsA_f,grid_low_weak,0.125,241.00578,270.00345,15.0,2963927.191187113,-266612.8514206012
gsA_f,grid_low_weak,0.125,241.00578,270.00345,22.0,3076221.34775895,-334052.6352256224
gsA_f,grid_low_weak,0.125,241.00578,270.00345,29.0,3162125.5741296746,-523479.4956298515
gsA_f,grid_low_weak,0.125,241.00578,270.00345,39.5,3391527.2042980925,-744352.7220592165
gsA_f,grid_low_weak,0.125,241.00578,270.00345,46.5,3538230.4170193872,-977323.2229708298
gsA_f,grid_low_weak,0.125,241.00578,270.00345,50.0,3946547.7314223717,458241.3270170479
gsA_f,grid_low_weak,0.125,241.00578,270.00345,53.5,4756578.878341742,5127883.265407423
gsA_f,grid_low_weak,0.125,241.00578,270.00345,60.5,3555108.0335779884,6092899.729907875
gsA_f,grid_low_weak,0.125,241.00578,270.00345,71.0,3303880.018835398,5857294.823516224
gsA_f,grid_low_weak,0.125,241.00578,270.00345,78.0,2260282.70633918,5409088.52526958
gsA_f,grid_low_weak,0.125,241.00578,270.00345,85.0,2185890.469743223,5537707.54230281
gsB_c,grid_mid_crit,0.5,185.00638,215.00307,15.0,19.3011193331985,46.83171510416816
gsB_c,grid_mid_crit,0.5,185.00638,215.00307,22.0,220.2261902659504,487.86520993945857
gsB_c,grid_mid_crit,0.5,185.00638,215.00307,29.0,1330.8272565615455,2894.1145211227754
gsB_c,grid_mid_crit,0.5,185.00638,215.00307,39.5,308353.5157525057,171696.59441060445
gsB_c,grid_mid_crit,0.5,185.00638,215.00307,46.5,2036061.9041879752,78863.84742906062
gsB_c,grid_mid_crit,0.5,185.00638,215.00307,50.0,3832837.5180572025,9267121.824808737
gsB_c,grid_mid_crit,0.5,185.00638,215.00307,53.5,5832832.9140236145,19609239.391157918
gsB_c,grid_mid_crit,0.5,185.00638,215.00307,60.5,7416499.3228123635,26949265.70119302
gsB_c,grid_mid_crit,0.5,185.00638,215.00307,71.0,7219089.869396616,25316940.46803659
gsB_c,grid_mid_crit,0.5,185.00638,215.00307,78.0,7069045.786853842,24536041.18625493
gsB_c,grid_mid_crit,0.5,185.00638,215.00307,85.0,6891382.36894933,23112354.225560483
gsB_m,grid_mid_crit,0.25,91.00097,120.00293,15.0,10.817833972661619,25.63673448417026
gsB_m,grid_mid_crit,0.25,91.00097,120.00293,22.0,97.14386082622899,222.2795912883614
gsB_m,grid_mid_crit,0.25,91.00097,120.00293,29.0,838.5680211423979,1922.7050780110783
gsB_m,grid_mid_crit,0.25,91.00097,120.00293,39.5,11134.355177950327,25796.972112347736
gsB_m,grid_mid_crit,0.25,91.00097,120.00293,46.5,1816286.3843522817,-84418.80234887711
gsB_m,grid_mid_crit,0.25,91.00097,120.00293,50.0,3249186.048374467,4746597.471242744
gsB_m,grid_mid_crit,0.25,91.00097,120.00293,53.5,4336582.776264835,12012523.200366251
gsB_m,grid_mid_crit,0.25,91.00097,120.00293,60.5,6866227.875128758,26457674.429674532
gsB_m,grid_mid_crit,0.25,91.00097,120.00293,71.0,6828920.012479924,25987081.97785927
gsB_m,grid_mid_crit,0.25,91.00097,120.00293,78.0,6768580.901258264,25538875.955838278
gsB_m,grid_mid_crit,0.25,91.00097,120.00293,85.0,6535284.5482775,24022999.64927577
gsB_f,grid_mid_crit,0.125,212.00238,241.00298,15.0,14.025429462935216,33.870076427843294
gsB_f,grid_mid_crit,0.125,212.00238,241.00298,22.0,122.95407975379943,295.14045184474094
gsB_f,grid_mid_crit,0.125,212.00238,241.00298,29.0,1121.1200736441506,2672.325485170472
gsB_f,grid_mid_crit,0.125,212.00238,241.00298,39.5,1316313.2025026528,142859.3927932779
gsB_f,grid_mid_crit,0.125,212.00238,241.00298,46.5,1362262.3133003186,242946.6817908442
gsB_f,grid_mid_crit,0.125,212.00238,241.00298,50.0,2497678.2757617454,4494550.08405079
gsB_f,grid_mid_crit,0.125,212.00238,241.00298,53.5,4316200.491590749,13841681.883225815
gsB_f,grid_mid_crit,0.125,212.00238,241.00298,60.5,7118199.951270315,29557711.440398484
gsB_f,grid_mid_crit,0.125,212.00238,241.00298,71.0,7237631.478629182,31234844.308762077
gsB_f,grid_mid_crit,0.125,212.00238,241.00298,78.0,6827389.214760802,29621036.97734901
gsB_f,grid_mid_crit,0.125,212.00238,241.00298,85.0,6827633.723003407,29291001.432234664
gsC_c,grid_high_strong,0.5,83.00973,112.00554,15.0,22.92905983452304,91.27890097010282
gsC_c,grid_high_strong,0.5,83.00973,112.00554,22.0,148.31299909417282,624.0765985043255
gsC_c,grid_high_strong,0.5,83.00973,112.00554,29.0,915.6734480571548,3884.4441540186144
gsC_c,grid_high_strong,0.5,83.00973,112.00554,39.5,10533.141247420841,45090.14891041234
gsC_c,grid_high_strong,0.5,83.00973,112.00554,46.5,170637.12481501405,646922.839225677
gsC_c,grid_high_strong,0.5,83.00973,112.00554,50.0,2662610.902124614,16543195.860316882
gsC_c,grid_high_strong,0.5,83.00973,112.00554,53.5,3713458.568943804,25376071.16367351
gsC_c,grid_high_strong,0.5,83.00973,112.00554,60.5,6244305.392144336,49702269.470521875
gsC_c,grid_high_strong,0.5,83.00973,112.00554,71.0,7486060.680781568,56725824.5851354
gsC_c,grid_high_strong,0.5,83.00973,112.00554,78.0,7244449.254569824,54132100.09956112
gsC_c,grid_high_strong,0.5,83.00973,112.00554,85.0,6873545.049529181,50737377.15157029
gsC_m,grid_high_strong,0.25,143.00479,172.00359,15.0,5.614226301658017,21.31247016402445
gsC_m,grid_high_strong,0.25,143.00479,172.00359,22.0,91.49967314476878,382.737941120241
gsC_m,grid_high_strong,0.25,143.00479,172.00359,29.0,716.9272194569294,3046.7451214031826
gsC_m,grid_high_strong,0.25,143.00479,172.00359,39.5,9554.973649926511,41576.85416565569
gsC_m,grid_high_strong,0.25,143.00479,172.00359,46.5,69431.28698921601,302987.0837687102
gsC_m,grid_high_strong,0.25,143.00479,172.00359,50.0,1611548.7183296103,8784719.295415884
gsC_m,grid_high_strong,0.25,143.00479,172.00359,53.5,3111808.307489542,20632572.90448349
gsC_m,grid_high_strong,0.25,143.00479,172.00359,60.5,6429457.477119953,51093081.967499815
gsC_m,grid_high_strong,0.25,143.00479,172.00359,71.0,7378078.118434449,58425265.71502191
gsC_m,grid_high_strong,0.25,143.00479,172.00359,78.0,7184695.964092682,56009942.888522096
gsC_m,grid_high_strong,0.25,143.00479,172.00359,85.0,7453484.743193898,57411278.09687889
gsC_f,grid_high_strong,0.125,180.00251,210.0014,15.0,2.1476823031392223,8.866185496653655
gsC_f,grid_high_strong,0.125,180.00251,210.0014,22.0,44.52690503093054,176.87087964846683
gsC_f,grid_high_strong,0.125,180.00251,210.0014,29.0,522.8428913242013,2096.7172580230585
gsC_f,grid_high_strong,0.125,180.00251,210.0014,39.5,7852.664300006368,32557.52836179597
gsC_f,grid_high_strong,0.125,180.00251,210.0014,46.5,54362.5150041955,225483.73340526948
gsC_f,grid_high_strong,0.125,180.00251,210.0014,50.0,1090114.0849536546,5107151.709624455
gsC_f,grid_high_strong,0.125,180.00251,210.0014,53.5,2529159.8506644294,15432590.85318015
gsC_f,grid_high_strong,0.125,180.00251,210.0014,60.5,5658056.796768094,42811749.05034945
gsC_f,grid_high_strong,0.125,180.00251,210.0014,71.0,7385428.344958239,57531498.7988919
gsC_f,grid_high_strong,0.125,180.00251,210.0014,78.0,7576212.1173873795,58863256.16992179
gsC_f,grid_high_strong,0.125,180.00251,210.0014,85.0,7505031.169295835,57910099.11091874
