parent_chid,repeat_chid,sensor,x_m,parent_t0_s,parent_t1_s,repeat_t0_s,repeat_t1_s,parent_deltaT_bar_C,repeat_deltaT_bar_C,pair_mean_deltaT_C,absolute_mean_difference_C,repeat_seed_mean_sd_C,parent_bootstrap_sd_C,repeat_bootstrap_sd_C,single_run_mean_noise_sd_C,noise_limit_C,weak_signal_eligible
pilot_06_q40_r100_d45,pilot_06_q40_r100_d45_seed104729,T_1500,15.000000,105.004860,134.003460,86.003348,115.007490,0.000085000,0.000301000,0.000193000,0.000216000,0.000152735,0.000135000,0.000140000,0.000152735,0.000299361,true
pilot_06_q40_r100_d45,pilot_06_q40_r100_d45_seed104729,T_2000,20.000000,105.004860,134.003460,86.003348,115.007490,0.000314000,0.000432000,0.000373000,0.000118000,0.000083439,0.000130000,0.000170000,0.000170000,0.000333200,true
pilot_06_q40_r100_d45,pilot_06_q40_r100_d45_seed104729,T_2500,25.000000,105.004860,134.003460,86.003348,115.007490,0.001529000,0.001608000,0.001568500,0.000079000,0.000055861,0.000192000,0.000222000,0.000222000,0.000435120,true
pilot_06_q40_r100_d45,pilot_06_q40_r100_d45_seed104729,T_3000,30.000000,105.004860,134.003460,86.003348,115.007490,0.009238000,0.009169000,0.009203500,0.000069000,0.000048790,0.000335000,0.000534000,0.000534000,0.001046640,true
pilot_06_q40_r100_d45,pilot_06_q40_r100_d45_seed104729,T_3250,32.500000,105.004860,134.003460,86.003348,115.007490,0.021332000,0.021095000,0.021213500,0.000237000,0.000167584,0.000386000,0.000646000,0.000646000,0.001266160,true
pilot_06_q40_r100_d45,pilot_06_q40_r100_d45_seed104729,T_3500,35.000000,105.004860,134.003460,86.003348,115.007490,0.045560000,0.044894000,0.045227000,0.000666000,0.000470933,0.000947000,0.000950000,0.000950000,0.001862000,true
pilot_06_q40_r100_d45,pilot_06_q40_r100_d45_seed104729,T_3750,37.500000,105.004860,134.003460,86.003348,115.007490,0.090844000,0.088963000,0.089903500,0.001881000,0.001330068,0.001863000,0.001648000,0.001863000,0.003651480,true
pilot_06_q40_r100_d45,pilot_06_q40_r100_d45_seed104729,T_4000,40.000000,105.004860,134.003460,86.003348,115.007490,0.179367000,0.174660000,0.177013500,0.004707000,0.003328352,0.003773000,0.003212000,0.003773000,0.007395080,true
pilot_06_q40_r100_d45,pilot_06_q40_r100_d45_seed104729,T_4250,42.500000,105.004860,134.003460,86.003348,115.007490,0.374402000,0.365556000,0.369979000,0.008846000,0.006255067,0.008252000,0.006759000,0.008252000,0.016173920,true
pilot_06_q40_r100_d45,pilot_06_q40_r100_d45_seed104729,T_4500,45.000000,105.004860,134.003460,86.003348,115.007490,0.803712000,0.784814000,0.794263000,0.018898000,0.013362904,0.011523000,0.013256000,0.013362904,0.026191292,true
pilot_06_q40_r100_d45,pilot_06_q40_r100_d45_seed104729,T_4750,47.500000,105.004860,134.003460,86.003348,115.007490,1.753569000,1.715028000,1.734298500,0.038541000,0.027252602,0.024945000,0.030885000,0.030885000,0.060534600,true
pilot_06_q40_r100_d45,pilot_06_q40_r100_d45_seed104729,T_5000,50.000000,105.004860,134.003460,86.003348,115.007490,3.872422000,3.782201000,3.827311500,0.090221000,0.063795881,0.041605000,0.057911000,0.063795881,0.125039927,true
pilot_06_q40_r100_d45,pilot_06_q40_r100_d45_seed104729,T_5250,52.500000,105.004860,134.003460,86.003348,115.007490,8.270253000,8.118192000,8.194222500,0.152061000,0.107523364,0.087206000,0.204101000,0.204101000,0.400037960,false
pilot_06_q40_r100_d45,pilot_06_q40_r100_d45_seed104729,T_5500,55.000000,105.004860,134.003460,86.003348,115.007490,34.377778000,47.895977000,41.136877500,13.518199000,9.558810182,11.685236000,10.884757000,11.685236000,22.903062560,false
pilot_06_q40_r100_d45,pilot_06_q40_r100_d45_seed104729,T_5750,57.500000,105.004860,134.003460,86.003348,115.007490,186.702690000,198.695939000,192.699314500,11.993249000,8.480507696,13.761593000,8.925988000,13.761593000,26.972722280,false
pilot_06_q40_r100_d45,pilot_06_q40_r100_d45_seed104729,T_6000,60.000000,105.004860,134.003460,86.003348,115.007490,326.636429000,328.884411000,327.760420000,2.247982000,1.589563316,7.315246000,5.343811000,7.315246000,14.337882160,false
pilot_06_q40_r100_d45,pilot_06_q40_r100_d45_seed104729,T_6250,62.500000,105.004860,134.003460,86.003348,115.007490,288.363204000,286.099435000,287.231319500,2.263769000,1.600726411,4.436706000,5.164677000,5.164677000,10.122766920,false
pilot_06_q40_r100_d45,pilot_06_q40_r100_d45_seed104729,T_6500,65.000000,105.004860,134.003460,86.003348,115.007490,224.709756000,220.816347000,222.763051500,3.893409000,2.753055906,3.554933000,5.093359000,5.093359000,9.982983640,false
pilot_06_q40_r100_d45,pilot_06_q40_r100_d45_seed104729,T_6750,67.500000,105.004860,134.003460,86.003348,115.007490,197.824664000,196.378641000,197.101652500,1.446023000,1.022492669,2.859836000,4.730634000,4.730634000,9.272042640,false
pilot_06_q40_r100_d45,pilot_06_q40_r100_d45_seed104729,T_7000,70.000000,105.004860,134.003460,86.003348,115.007490,191.679840000,191.162937000,191.421388500,0.516903000,0.365505617,2.298907000,4.214040000,4.214040000,8.259518400,false
pilot_06_q40_r100_d45,pilot_06_q40_r100_d45_seed104729,T_7500,75.000000,105.004860,134.003460,86.003348,115.007490,195.940064000,195.535828000,195.737946000,0.404236000,0.285838017,2.482464000,2.207938000,2.482464000,4.865629440,false
pilot_06_q40_r100_d45,pilot_06_q40_r100_d45_seed104729,T_8000,80.000000,105.004860,134.003460,86.003348,115.007490,199.648067000,200.225375000,199.936721000,0.577308000,0.408218402,1.067375000,2.294020000,2.294020000,4.496279200,false
pilot_06_q40_r100_d45,pilot_06_q40_r100_d45_seed104729,T_8500,85.000000,105.004860,134.003460,86.003348,115.007490,201.282775000,203.893992000,202.588383500,2.611217000,1.846409248,1.771233000,4.444947000,4.444947000,8.712096120,false
pilot_11_q100_r160_d70,pilot_11_q100_r160_d70_seed204729,T_1500,15.000000,144.000020,173.005550,155.002720,184.005620,0.000143000,0.000189000,0.000166000,0.000046000,0.000032527,0.000029000,0.000052000,0.000052000,0.000101920,true
pilot_11_q100_r160_d70,pilot_11_q100_r160_d70_seed204729,T_2000,20.000000,144.000020,173.005550,155.002720,184.005620,0.000865000,0.000964000,0.000914500,0.000099000,0.000070004,0.000050000,0.000074000,0.000074000,0.000145040,true
pilot_11_q100_r160_d70,pilot_11_q100_r160_d70_seed204729,T_2500,25.000000,144.000020,173.005550,155.002720,184.005620,0.006150000,0.006419000,0.006284500,0.000269000,0.000190212,0.000080000,0.000112000,0.000190212,0.000372815,true
pilot_11_q100_r160_d70,pilot_11_q100_r160_d70_seed204729,T_3000,30.000000,144.000020,173.005550,155.002720,184.005620,0.030218000,0.031196000,0.030707000,0.000978000,0.000691550,0.000157000,0.000360000,0.000691550,0.001355439,true
pilot_11_q100_r160_d70,pilot_11_q100_r160_d70_seed204729,T_3250,32.500000,144.000020,173.005550,155.002720,184.005620,0.057281000,0.059348000,0.058314500,0.002067000,0.001461590,0.000245000,0.000602000,0.001461590,0.002864716,true
pilot_11_q100_r160_d70,pilot_11_q100_r160_d70_seed204729,T_3500,35.000000,144.000020,173.005550,155.002720,184.005620,0.099579000,0.103921000,0.101750000,0.004342000,0.003070258,0.000336000,0.000946000,0.003070258,0.006017705,true
pilot_11_q100_r160_d70,pilot_11_q100_r160_d70_seed204729,T_3750,37.500000,144.000020,173.005550,155.002720,184.005620,0.163800000,0.172276000,0.168038000,0.008476000,0.005993437,0.000609000,0.001361000,0.005993437,0.011747137,true
pilot_11_q100_r160_d70,pilot_11_q100_r160_d70_seed204729,T_4000,40.000000,144.000020,173.005550,155.002720,184.005620,0.269279000,0.283834000,0.276556500,0.014555000,0.010291939,0.001481000,0.002095000,0.010291939,0.020172201,true
pilot_11_q100_r160_d70,pilot_11_q100_r160_d70_seed204729,T_4250,42.500000,144.000020,173.005550,155.002720,184.005620,0.462270000,0.483605000,0.472937500,0.021335000,0.015086123,0.002828000,0.003318000,0.015086123,0.029568801,true
pilot_11_q100_r160_d70,pilot_11_q100_r160_d70_seed204729,T_4500,45.000000,144.000020,173.005550,155.002720,184.005620,0.824203000,0.850542000,0.837372500,0.026339000,0.018624486,0.005897000,0.005253000,0.018624486,0.036503992,true
pilot_11_q100_r160_d70,pilot_11_q100_r160_d70_seed204729,T_4750,47.500000,144.000020,173.005550,155.002720,184.005620,1.559971000,1.589302000,1.574636500,0.029331000,0.020740149,0.014219000,0.008032000,0.020740149,0.040650692,true
pilot_11_q100_r160_d70,pilot_11_q100_r160_d70_seed204729,T_5000,50.000000,144.000020,173.005550,155.002720,184.005620,2.956794000,3.012668000,2.984731000,0.055874000,0.039508884,0.038034000,0.023624000,0.039508884,0.077437413,true
pilot_11_q100_r160_d70,pilot_11_q100_r160_d70_seed204729,T_5250,52.500000,144.000020,173.005550,155.002720,184.005620,5.305213000,5.409641000,5.357427000,0.104428000,0.073841747,0.076496000,0.061541000,0.076496000,0.149932160,false
pilot_11_q100_r160_d70,pilot_11_q100_r160_d70_seed204729,T_5500,55.000000,144.000020,173.005550,155.002720,184.005620,8.629135000,9.016129000,8.822632000,0.386994000,0.273646082,0.133679000,0.326849000,0.326849000,0.640624040,false
pilot_11_q100_r160_d70,pilot_11_q100_r160_d70_seed204729,T_5750,57.500000,144.000020,173.005550,155.002720,184.005620,40.465244000,40.470504000,40.467874000,0.005260000,0.003719382,9.430717000,9.938213000,9.938213000,19.478897480,false
pilot_11_q100_r160_d70,pilot_11_q100_r160_d70_seed204729,T_6000,60.000000,144.000020,173.005550,155.002720,184.005620,115.687941000,115.057380000,115.372660500,0.630561000,0.445873959,9.316749000,18.441603000,18.441603000,36.145541880,false
pilot_11_q100_r160_d70,pilot_11_q100_r160_d70_seed204729,T_6250,62.500000,144.000020,173.005550,155.002720,184.005620,238.471950000,193.262011000,215.866980500,45.209939000,31.968254444,13.715234000,19.848992000,31.968254444,62.657778710,false
pilot_11_q100_r160_d70,pilot_11_q100_r160_d70_seed204729,T_6500,65.000000,144.000020,173.005550,155.002720,184.005620,338.084346000,315.456464000,326.770405000,22.627882000,16.000328806,15.663327000,32.463228000,32.463228000,63.627926880,false
pilot_11_q100_r160_d70,pilot_11_q100_r160_d70_seed204729,T_6750,67.500000,144.000020,173.005550,155.002720,184.005620,417.657150000,394.404770000,406.030960000,23.252380000,16.441915577,16.165452000,28.221733000,28.221733000,55.314596680,false
pilot_11_q100_r160_d70,pilot_11_q100_r160_d70_seed204729,T_7000,70.000000,144.000020,173.005550,155.002720,184.005620,466.414693000,433.532489000,449.973591000,32.882204000,23.251229429,12.137129000,19.624313000,23.251229429,45.572409680,false
pilot_11_q100_r160_d70,pilot_11_q100_r160_d70_seed204729,T_7500,75.000000,144.000020,173.005550,155.002720,184.005620,408.991005000,405.315309000,407.153157000,3.675696000,2.599109567,7.539211000,4.296803000,7.539211000,14.776853560,false
pilot_11_q100_r160_d70,pilot_11_q100_r160_d70_seed204729,T_8000,80.000000,144.000020,173.005550,155.002720,184.005620,331.504399000,333.554941000,332.529670000,2.050542000,1.449952153,4.525377000,5.075468000,5.075468000,9.947917280,false
pilot_11_q100_r160_d70,pilot_11_q100_r160_d70_seed204729,T_8500,85.000000,144.000020,173.005550,155.002720,184.005620,299.560197000,297.217137000,298.388667000,2.343060000,1.656793615,3.497811000,5.072521000,5.072521000,9.942141160,false
